Item Code,Division,Department,Category,Class,Group,Description,UOM,Brand,Total QOH,Total Avail.,Status,Condition,Issue Ctrl,Item GTIN
10-100__BLCK03_0,,,,WW,FMGS,Gumboot Safety Hytest Black 3,EACH,OLIVER,0,0,S,A,U,9320922580307
10-100__BLCK05_0,,,,WW,FMGS,Gumboot Safety Hytest Black 5,EACH,OLIVER,1,1,S,A,U,9320922543319
10-100__BLCK06_0,,,,WW,FMGS,Gumboot Safety Hytest Black 6,EACH,OLIVER,1,1,S,A,U,9320922543326
10-100__BLCK07_0,,,,WW,FMGS,Gumboot Safety Hytest Black 7,EACH,OLIVER,2,2,S,A,U,9320922543333
10-100__BLCK08_0,,,,WW,FMGS,Gumboot Safety Hytest Black 8,EACH,OLIVER,0,0,S,A,U,9320922543340
10-100__BLCK09_0,,,,WW,FMGS,Gumboot Safety Hytest Black 9,EACH,OLIVER,1,1,S,A,U,9320922543357
10-100__BLCK10_0,,,,WW,FMGS,Gumboot Safety Hytest Black 10,EACH,OLIVER,2,2,S,A,U,9320922543364
10-100__BLCK11_0,,,,WW,FMGS,Gumboot Safety Hytest Black 11,EACH,OLIVER,2,2,S,A,U,9320922543371
10-100__BLCK12_0,,,,WW,FMGS,Gumboot Safety Hytest Black 12,EACH,OLIVER,2,2,S,A,U,9320922543388
10-100__BLCK13_0,,,,WW,FMGS,Gumboot Safety Hytest Black 13,EACH,OLIVER,1,1,S,A,U,9320922580321
10-306__BLCK0008,,,,PP,PGYO,Gloves Hexarmour NXT Black 8,EACH,HEXARMOR,0,0,S,A,U,
1000,,,,WP,WARD,Laerdal Heartstart First Aid Defib Unit With Case M5067A,EACH,LAERDAL,0,0,S,O,,
100074__BLCK000L,,,,WW,CMUO,Sweat Midweight Logo Black Large,EACH,CARHARTT,2,2,S,A,U,035481973086
100074__BLCK000M,,,,WW,CMUO,Sweat Midweight Logo Black Medium,EACH,CARHARTT,3,3,S,A,U,035481973079
100074__BLCK000S,,,,WW,CMUO,Sweat Midweight Logo Black Small,EACH,CARHARTT,1,1,S,A,U,035481973062
100074__BLCK00XL,,,,WW,CMUO,Sweat Midweight Logo Black XL,EACH,CARHARTT,2,2,S,A,U,035481973093
100074__BLCK00XS,,,,WW,CMUO,Sweat Midweight Logo Black XS,EACH,CARHARTT,1,1,S,A,U,889192122093
100074__BLCK02XL,,,,WW,CMUO,Sweat Midweight Logo Black 2XL,EACH,CARHARTT,0,0,S,A,U,035481973109
100074__CAHE000L,,,,WW,CMUO,Sweat Midweight Logo Carbon Heather Large,EACH,CARHARTT,2,2,S,A,U,889192801042
100074__CAHE000M,,,,WW,CMUO,Sweat Midweight Logo Carbon Heather Medium,EACH,CARHARTT,3,3,S,A,U,889192801073
100074__CAHE000S,,,,WW,CMUO,Sweat Midweight Logo Carbon Heather Small,EACH,CARHARTT,0,0,S,A,U,889192801103
100074__CAHE00XL,,,,WW,CMUO,Sweat Midweight Logo Carbon Heather XL,EACH,CARHARTT,0,0,S,A,U,889192801134
100074__CAHE00XS,,,,WW,CMUO,Sweat Midweight Logo Carbon Heather XS,EACH,CARHARTT,0,0,S,A,U,889192801165
100074__CAHE02XL,,,,WW,CMUO,Sweat Midweight Logo Carbon Heather 2XL,EACH,CARHARTT,2,2,S,A,U,889192801011
100074__HEGR000L,,,,WW,CMUO,Sweat Midweight Logo Heather Grey Large,EACH,CARHARTT,3,3,S,A,U,192776084466
100074__HEGR000M,,,,WW,CMUO,Sweat Midweight Logo Heather Grey Medium,EACH,CARHARTT,3,3,S,A,U,
100074__HEGR000S,,,,WW,CMUO,Sweat Midweight Logo Heather Grey Small,EACH,CARHARTT,1,1,S,A,U,192776084527
100074__HEGR00XL,,,,WW,CMUO,Sweat Midweight Logo Heather Grey XL,EACH,CARHARTT,2,2,S,A,U,192776084558
100074__HEGR00XS,,,,WW,CMUO,Sweat Midweight Logo Heather Grey XS,EACH,CARHARTT,1,1,S,A,U,192776084589
100074__HEGR02XL,,,,WW,CMUO,Sweat Midweight Logo Heather Grey 2XL,EACH,CARHARTT,1,1,S,A,U,192776084374
100074__NWNY000L,,,,WW,CMUO,Sweat Midweight Logo New Navy Large,EACH,CARHARTT,0,0,S,A,U,35481973345
100074__NWNY000M,,,,WW,CMUO,Sweat Midweight Logo New Navy Medium,EACH,CARHARTT,2,2,S,A,U,35481973338
100074__NWNY000S,,,,WW,CMUO,Sweat Midweight Logo New Navy Small,EACH,CARHARTT,1,1,S,A,U,35481973321
100074__NWNY00XL,,,,WW,CMUO,Sweat Midweight Logo New Navy XL,EACH,CARHARTT,0,0,S,A,U,35481973352
100074__NWNY00XS,,,,WW,CMUO,Sweat Midweight Logo New Navy XS,EACH,CARHARTT,1,1,S,A,U,889192264403
100074__NWNY02XL,,,,WW,CMUO,Sweat Midweight Logo New Navy 2XL,EACH,CARHARTT,0,0,S,A,U,35481973369
100233__NAVY3032,,,,WW,CMTD,Pant Multi Pocket Ripstop Navy W30xL32,EACH,CARHARTT,1,1,S,A,U,886859586205
100286__BLCKOSFA,,,,WW,CMHZ,Cap Bufffalo Black (001) One Size Fits All,EACH,CARHARTT,5,5,S,A,U,886859495385
100286__GRVLOSFA,,,,WW,CMHZ,Cap Bufffalo Gravel One Size Fits All,EACH,CARHARTT,5,5,S,A,U,886859108490
100286__KHKIOSFA,,,,WW,CMHZ,Cap Bufffalo Khaki One Size Fits All,EACH,CARHARTT,0,0,S,A,U,886859108506
100286__NAVYOSFA,,,,WW,CMHZ,Cap Bufffalo Navy One Size Fits All,EACH,CARHARTT,0,0,S,C,U,192776008615
100289__ARMYOSFM,,,,WW,CMHZ,Cap Odessa Army Green One Size Fits Most,EACH,CARHARTT,5,5,S,C,U,886859107912
100289__BLCKOSFM,,,,WW,CMHZ,Cap Odessa Black One Size Fits Most,EACH,CARHARTT,3,3,S,A,U,886859697420
100289__CABROSFM,,,,WW,CMHZ,Cap Odessa Carhartt Brown One Size Fits Most,EACH,CARHARTT,4,4,S,A,U,886859107899
100289__COASOSFM,,,,WW,CMHZ,Cap Odessa Coastal One Size Fits Most,EACH,CARHARTT,0,0,S,A,U,192776736228
100289__MALTOSFM,,,,WW,CMHZ,Cap Odessa Malt One Size Fits Most,EACH,CARHARTT,0,0,S,A,U,192776736280
100289__MOSTOSFM,,,,WW,CMHZ,Cap Odessa Moonstone One Size Fits Most,EACH,CARHARTT,0,0,S,I,U,
100289__NAVYOSFM,,,,WW,CMHZ,Cap Odessa Navy One Size Fits Most,EACH,CARHARTT,4,4,S,A,U,889192762459
100289__POBLOSFM,,,,WW,CMHZ,Cap Odessa Powder Blue One Size Fits Most,EACH,CARHARTT,5,5,S,A,U,195836058711
100289__TAN_OSFM,,,,WW,CMHZ,Cap Odessa Tan Beige One Size Fits Most,EACH,CARHARTT,0,0,S,I,U,886859107905
1002Z___ZER2082R,,,,WW,CMTD,Pant Cotton Drill Ref Tape Ertech Navy 82 Regular,EACH,WORKIT,0,0,S,A,U,
1002Z___ZER2112R,,,,WW,CMTD,Pant Cotton Drill Ref Tape Ertech Navy 112 Regular,EACH,WORKIT,0,0,S,A,U,
1002____NAVY112R,,,,WW,CMTD,Pant Cotton Drill Ref Tape Navy 112 Regular,EACH,WORKIT,3,3,S,A,U,
100301__BLCK__OS,,,,WW,CMAL,Trade Backpack Black One Size,EACH,CARHARTT,0,0,S,A,U,819062019161
100410__HEGR000L,,,,WW,CMEZ,Carhartt T-Shirt S/S Force Heather Grey Large,EACH,CARHARTT,0,0,S,A,U,886859053523
100410__HEGR000M,,,,WW,CMEZ,Carhartt T-Shirt S/S Force Heather Grey Medium,EACH,CARHARTT,0,0,S,A,U,886859053516
100410__HEGR000S,,,,WW,CMEZ,Carhartt T-Shirt S/S Force Heather Grey Small,EACH,CARHARTT,0,0,S,A,U,886859053509
100410__HEGR00XL,,,,WW,CMEZ,Carhartt T-Shirt S/S Force Heather Grey XL,EACH,CARHARTT,0,0,S,A,U,886859053530
100410__HEGR02XL,,,,WW,CMEZ,Carhartt T-Shirt S/S Force Heather Grey 2XL,EACH,CARHARTT,0,0,S,A,U,886859053547
100474739,,,,WP,WSCM,Outsource Custom Sign - Poly,EACH,OUTSOU,0,0,S,A,,
10047489,,,,WP,WSCO,Uniform Safety Plastic A Frame Yellow with black print - Laser Beam,EACH,UNIFSAFE,0,0,S,A,,
100513,,,,WP,WLMZ,Mayo Hardware Master Circuit Breaker Lockout S3821,EACH,MAYHAR,5,5,S,A,,71649335679
1006338,,,,PP,PFHN,3M Australia Custom Hard Hat Custom Hard Hat DEC Projects TA570,EACH,3MAUST,0,0,S,A,,
1006349,,,,PP,PFHV,3M Australia Custom Hard Hat TA570RH 3m hard hat embossed handos tanker hire,EACH,3MAUST,0,0,S,A,,
1007016,,,,WW,FMAC,Waproo Waterproofer 188g Aerosol ZW12200,EACH,WAPROO,6,6,S,A,,9318014312202
1007017,,,,WW,FMAC,Joseph Lyddy Waterproofer Silicone 350g ZL30350,EACH,WAPROO,5,5,S,A,,9318014906227
1007031,,,,WW,FMAC,Waproo Water and Stain Protection 188g Aerosol WP40200,EACH,WAPROO,0,0,S,A,,9318014140256
1007038,,,,WW,FMAC,Waproo Polish Dubbin Waterproofing Neutral 87g JL0970125,EACH,WAPROO,4,4,S,A,,9318014209908
101125__BLCK000L,,,,WW,CMEZ,Shirt S/S Maddock w Pocket Black Large,EACH,CARHARTT,0,0,S,A,U,886859463599
101125__BLCK000M,,,,WW,CMEZ,Shirt S/S Maddock w Pocket Black Medium,EACH,CARHARTT,0,0,S,A,U,886859463629
101125__BLCK000S,,,,WW,CMEZ,Shirt S/S Maddock w Pocket Black Small,EACH,CARHARTT,0,0,S,A,U,886859463650
101125__BLCK00XL,,,,WW,CMEZ,Shirt S/S Maddock w Pocket Black XL,EACH,CARHARTT,0,0,S,A,U,886859463681
101125__BLCK00XS,,,,WW,CMEZ,Shirt S/S Maddock w Pocket Black XS,EACH,CARHARTT,0,0,S,A,U,889192131897
101125__BLCK02XL,,,,WW,CMEZ,Shirt S/S Maddock w Pocket Black 2XL,EACH,CARHARTT,0,0,S,A,U,886859463506
101125__HEGR000M,,,,WW,CMEZ,Shirt S/S Maddock w Pocket Heather Grey Medium,EACH,CARHARTT,0,0,S,A,U,886859463957
101125__HEGR00XS,,,,WW,CMEZ,Shirt S/S Maddock w Pocket Heather Grey XS,EACH,CARHARTT,0,0,S,A,U,889192131927
101125__NAVY000M,,,,WW,CMEZ,Shirt S/S Maddock w Pocket Navy Medium,EACH,CARHARTT,0,0,S,A,U,886859464947
101125__WHTE000M,,,,WW,CMEZ,Shirt S/S Maddock w Pocket White Medium,EACH,CARHARTT,0,0,S,A,U,889192009103
101195__BLCKOSFA,,,,WW,CMHZ,Dunmore Cap Black One Size Fits All,EACH,CARHARTT,5,5,S,A,U,886859462615
101214__BLCK000S,,,,WW,CMEZ,T-Shirt Core Logo S/S Black Small,EACH,CARHARTT,0,0,S,A,U,886859513973
101214__BLCK00XS,,,,WW,CMEZ,T-Shirt Core Logo S/S Black XS,EACH,CARHARTT,3,3,S,A,U,889192383845
101214__CAON000S,,,,WW,CMEZ,T-Shirt Core Logo S/S Carbon Small,EACH,CARHARTT,1,1,S,A,U,889192049710
101214__CAON00XS,,,,WW,CMEZ,T-Shirt Core Logo S/S Carbon XS,EACH,CARHARTT,1,1,S,A,U,889192122666
101214__HEGR00XS,,,,WW,CMEZ,T-Shirt Core Logo S/S Heather Grey XS,EACH,CARHARTT,0,0,S,A,U,889192122789
101214__MOHE000S,,,,WW,CMEZ,T-Shirt Core Logo S/S Moss Heather Small,EACH,CARHARTT,0,0,S,A,U,889192761131
101214__NAVY000M,,,,WW,CMEZ,T-Shirt Core Logo S/S Navy Medium,EACH,CARHARTT,0,0,S,A,U,886859734071
101214__NAVY000S,,,,WW,CMEZ,T-Shirt Core Logo S/S Navy Small,EACH,CARHARTT,0,0,S,A,U,886859734101
101214__NAVY00XS,,,,WW,CMEZ,T-Shirt Core Logo S/S Navy XS,EACH,CARHARTT,0,0,S,A,U,889192122758
101214__WHTE000S,,,,WW,CMEZ,T-Shirt Core Logo S/S White Small,EACH,CARHARTT,0,0,S,A,U,886859945439
101214__WHTE00XS,,,,WW,CMEZ,T-Shirt Core Logo S/S White XS,EACH,CARHARTT,0,0,S,A,U,889192122697
101604__BLCKOSFA,,,,WW,CMHZ,Cap Ashland Black One Size Fits All,EACH,CARHARTT,5,5,S,A,U,886859712253
101604__CABROSFA,,,,WW,CMHZ,Cap Ashland Carhartt Brown One Size Fits All,EACH,CARHARTT,3,3,S,A,U,886859712284
101759__BLCK000L,,,,WW,CMUO,Sweatshirt Hooded Wind Fighter Black Large,EACH,CARHARTT,0,0,S,A,U,889192426016
101759__BLCK000M,,,,WW,CMUO,Sweatshirt Hooded Wind Fighter Black Medium,EACH,CARHARTT,0,0,S,A,U,889192426047
101759__BLCK000S,,,,WW,CMUO,Sweatshirt Hooded Wind Fighter Black Small,EACH,CARHARTT,0,0,S,A,U,889192426078
101759__BLCK00XL,,,,WW,CMUO,Sweatshirt Hooded Wind Fighter Black XL,EACH,CARHARTT,0,0,S,A,U,889192426108
101759__BLCK02XL,,,,WW,CMUO,Sweatshirt Hooded Wind Fighter Black 2XL,EACH,CARHARTT,0,0,S,A,U,889192425989
101759__NAVY000L,,,,WW,CMUO,Sweatshirt Hooded Wind Fighter Navy Large,EACH,CARHARTT,0,0,S,A,U,886859916781
101759__NAVY000M,,,,WW,CMUO,Sweatshirt Hooded Wind Fighter Navy Medium,EACH,CARHARTT,7,7,S,A,U,886859916811
101759__NAVY000S,,,,WW,CMUO,Sweatshirt Hooded Wind Fighter Navy Small,EACH,CARHARTT,6,6,S,A,U,889192007321
101759__NAVY00XL,,,,WW,CMUO,Sweatshirt Hooded Wind Fighter Navy XL,EACH,CARHARTT,6,6,S,A,U,886859916842
101759__NAVY00XS,,,,WW,CMUO,Sweatshirt Hooded Wind Fighter Navy XS,EACH,CARHARTT,2,2,S,A,U,
101759__NAVY02XL,,,,WW,CMUO,Sweatshirt Hooded Wind Fighter Navy 2XL,EACH,CARHARTT,0,0,S,A,U,886859916750
102208__BLCK000L,,,,WW,CMJO,Jacket Gilliam Black Large,EACH,CARHARTT,0,0,S,C,U,889192359338
102208__BLCK000M,,,,WW,CMJO,Jacket Gilliam Black Medium,EACH,CARHARTT,0,0,S,C,U,889192359369
102208__BLCK000S,,,,WW,CMJO,Jacket Gilliam Black Small,EACH,CARHARTT,0,0,S,C,U,889192359390
102208__BLCK00XL,,,,WW,CMJO,Jacket Gilliam Black XL,EACH,CARHARTT,0,0,S,C,U,889192359420
102208__BLCK02XL,,,,WW,CMJO,Jacket Gilliam Black 2XL,EACH,CARHARTT,0,0,S,C,U,889192359307
102314__HUHE000L,,,,WW,CMUF,Sweatshirt Hooded Force Logo Huron Heather Large,EACH,CARHARTT,0,0,S,C,U,889192447158
102314__HUHE000M,,,,WW,CMUF,Sweatshirt Hooded Force Logo Huron Heather Medium,EACH,CARHARTT,0,0,S,C,U,889192447189
102314__HUHE000S,,,,WW,CMUF,Sweatshirt Hooded Force Logo Huron Heather Small,EACH,CARHARTT,0,0,S,C,U,889192447219
102482__BLCK000L,,,,WW,CLTZ,Force Utility Leggings Black Large,EACH,CARHARTT,1,1,S,A,U,192776387482
102482__BLCK000M,,,,WW,CLTZ,Force Utility Leggings Black Medium,EACH,CARHARTT,4,4,S,A,U,192776387512
102482__BLCK000S,,,,WW,CLTZ,Force Utility Leggings Black Small,EACH,CARHARTT,1,1,S,A,U,192776387543
102482__BLCK00XL,,,,WW,CLTZ,Force Utility Leggings Black XL,EACH,CARHARTT,0,0,S,A,U,192776387574
102482__BLCK00XS,,,,WW,CLTZ,Force Utility Leggings Black XS,EACH,CARHARTT,2,2,S,A,U,192776387604
102482__BLCK02XL,,,,WW,CLTZ,Force Utility Leggings Black 2XL,EACH,CARHARTT,0,0,S,A,U,192776387635
102791__APHE000L,,,,WW,CLUZ,Sweatshirt Womens Clarksburg Asphalt Heather Large,EACH,CARHARTT,0,0,S,A,U,192776237510
102791__APHE000M,,,,WW,CLUZ,Sweatshirt Womens Clarksburg Asphalt Heather Medium,EACH,CARHARTT,4,4,S,A,U,192776237541
102791__APHE000S,,,,WW,CLUZ,Sweatshirt Womens Clarksburg Asphalt Heather Small,EACH,CARHARTT,1,1,S,A,U,192776237572
102791__APHE00XL,,,,WW,CLUZ,Sweatshirt Womens Clarksburg Asphalt Heather XL,EACH,CARHARTT,0,0,S,A,U,192776237602
102791__APHE00XS,,,,WW,CLUZ,Sweatshirt Womens Clarksburg Asphalt Heather XS,EACH,CARHARTT,0,0,S,A,U,192776237633
102791__ASRO000L,,,,WW,CLUZ,Sweatshirt Womens Clarksburg Ash Rose Large,EACH,CARHARTT,0,0,S,I,U,
102791__ASRO000M,,,,WW,CLUZ,Sweatshirt Womens Clarksburg Ash Rose Medium,EACH,CARHARTT,0,0,S,I,U,
102791__ASRO000S,,,,WW,CLUZ,Sweatshirt Womens Clarksburg Ash Rose Small,EACH,CARHARTT,0,0,S,I,U,
102791__ASRO00XL,,,,WW,CLUZ,Sweatshirt Womens Clarksburg Ash Rose XL,EACH,CARHARTT,0,0,S,I,U,
102791__ASRO00XS,,,,WW,CLUZ,Sweatshirt Womens Clarksburg Ash Rose XS,EACH,CARHARTT,0,0,S,I,U,
102791__DKCH000L,,,,WW,CLUZ,Sweatshirt Womens Clarksburg Dark Cedar Heather Large,EACH,CARHARTT,0,0,S,A,U,192776237060
102791__DKCH000M,,,,WW,CLUZ,Sweatshirt Womens Clarksburg Dark Cedar Heather Medium,EACH,CARHARTT,0,0,S,A,U,192776237091
102791__DKCH000S,,,,WW,CLUZ,Sweatshirt Womens Clarksburg Dark Cedar Heather Small,EACH,CARHARTT,0,0,S,A,U,192776237121
102791__DKCH00XL,,,,WW,CLUZ,Sweatshirt Womens Clarksburg Dark Cedar Heather XL,EACH,CARHARTT,0,0,S,A,U,192776237152
102791__DKCH00XS,,,,WW,CLUZ,Sweatshirt Womens Clarksburg Dark Cedar Heather XS,EACH,CARHARTT,0,0,S,A,U,192776237183
102791__RSHE000L,,,,WW,CLUZ,Sweatshirt Womens Clarksburg Rose Smoke Heather Large,EACH,CARHARTT,0,0,S,I,U,192776238050
102791__RSHE000M,,,,WW,CLUZ,Sweatshirt Womens Clarksburg Rose Smoke Heather Medium,EACH,CARHARTT,0,0,S,C,U,192776238081
102791__RSHE000S,,,,WW,CLUZ,Sweatshirt Womens Clarksburg Rose Smoke Heather Small,EACH,CARHARTT,0,0,S,I,U,192776238111
102791__RSHE00XL,,,,WW,CLUZ,Sweatshirt Womens Clarksburg Rose Smoke Heather XL,EACH,CARHARTT,0,0,S,I,U,192776238142
102791__RSHE00XS,,,,WW,CLUZ,Sweatshirt Womens Clarksburg Rose Smoke Heather XS,EACH,CARHARTT,0,0,S,O,U,192776238173
102791__WORO000L,,,,WW,CLUZ,Sweatshirt Womens Clarksburg Woodrose Large,EACH,CARHARTT,0,0,S,N,U,197219330360
102791__WORO000M,,,,WW,CLUZ,Sweatshirt Womens Clarksburg Woodrose Medium,EACH,CARHARTT,0,0,S,N,U,197219330339
102791__WORO000S,,,,WW,CLUZ,Sweatshirt Womens Clarksburg Woodrose Small,EACH,CARHARTT,0,0,S,N,U,197219330308
102791__WORO00XL,,,,WW,CLUZ,Sweatshirt Womens Clarksburg Woodrose XL,EACH,CARHARTT,0,0,S,N,U,197219330391
102791__WORO00XS,,,,WW,CLUZ,Sweatshirt Womens Clarksburg Woodrose XS,EACH,CARHARTT,0,0,S,N,U,197219330278
102807__SUBL3032,,,,WW,CMTO,Jean Tapered Rugged Flex Superior Blue W30xL32,EACH,CARHARTT,3,3,S,A,U,192776310213
102807__SUBL3232,,,,WW,CMTO,Jean Tapered Rugged Flex Superior Blue W32xL32,EACH,CARHARTT,5,5,S,A,U,192776310275
102807__SUBL3432,,,,WW,CMTO,Jean Tapered Rugged Flex Superior Blue W34xL32,EACH,CARHARTT,3,3,S,A,U,192776310336
102807__SUBL3632,,,,WW,CMTO,Jean Tapered Rugged Flex Superior Blue W36xL32,EACH,CARHARTT,4,4,S,A,U,192776310367
102807__SUBL3832,,,,WW,CMTO,Jean Tapered Rugged Flex Superior Blue W38xL32,EACH,CARHARTT,2,2,S,A,U,192776310398
102807__SUBL4032,,,,WW,CMTO,Jean Tapered Rugged Flex Superior Blue W40xL32,EACH,CARHARTT,3,3,S,A,U,192776310428
102807__SUBL4232,,,,WW,CMTO,Jean Tapered Rugged Flex Superior Blue W42xL32,EACH,CARHARTT,2,2,S,A,U,
102821__BLCK3032,,,,WW,CMTO,Pant Rugged Flex Straight Fit Black W30xL32,EACH,CARHARTT,1,1,S,A,U,192776057484
102821__BLCK3232,,,,WW,CMTO,Pant Rugged Flex Straight Fit Black W32xL32,EACH,CARHARTT,4,4,S,A,U,192776057545
102821__BLCK3432,,,,WW,CMTO,Pant Rugged Flex Straight Fit Black W34xL32,EACH,CARHARTT,3,3,S,A,U,192776057606
102821__BLCK3632,,,,WW,CMTO,Pant Rugged Flex Straight Fit Black W36xL32,EACH,CARHARTT,3,3,S,A,U,192776057637
102821__BLCK3832,,,,WW,CMTO,Pant Rugged Flex Straight Fit Black W38xL32,EACH,CARHARTT,2,2,S,A,U,192776057668
102821__BLCK3834,,,,WW,CMTO,Pant Rugged Flex Straight Fit Black W38xL34,EACH,CARHARTT,1,1,S,A,U,192776057965
102821__BLCK4032,,,,WW,CMTO,Pant Rugged Flex Straight Fit Black W40xL32,EACH,CARHARTT,2,2,S,A,U,192776057699
102821__BLCK4034,,,,WW,CMTO,Pant Rugged Flex Straight Fit Black W40xL34,EACH,CARHARTT,2,2,S,A,U,192776057996
102821__BLCK4232,,,,WW,CMTO,Pant Rugged Flex Straight Fit Black W42xL32,EACH,CARHARTT,1,1,S,A,U,192776057729
102821__DAKH3032,,,,WW,CMTO,Pant Rugged Flex Straight Fit Dark Khaki W30xL32,EACH,CARHARTT,2,2,S,A,U,889192574885
102821__DAKH3232,,,,WW,CMTO,Pant Rugged Flex Straight Fit Dark Khaki W32xL32,EACH,CARHARTT,3,3,S,A,U,889192574946
102821__DAKH3432,,,,WW,CMTO,Pant Rugged Flex Straight Fit Dark Khaki W34xL32,EACH,CARHARTT,3,3,S,A,U,889192575004
102821__DAKH3632,,,,WW,CMTO,Pant Rugged Flex Straight Fit Dark Khaki W36xL32,EACH,CARHARTT,3,3,S,A,U,889192575035
102821__DAKH3832,,,,WW,CMTO,Pant Rugged Flex Straight Fit Dark Khaki W38xL32,EACH,CARHARTT,2,2,S,A,U,889192575066
102821__DAKH3834,,,,WW,CMTO,Pant Rugged Flex Straight Fit Dark Khaki W38xL34,EACH,CARHARTT,2,2,S,A,U,889192575363
102821__DAKH4032,,,,WW,CMTO,Pant Rugged Flex Straight Fit Dark Khaki W40xL32,EACH,CARHARTT,2,2,S,A,U,889192575097
102821__DAKH4034,,,,WW,CMTO,Pant Rugged Flex Straight Fit Dark Khaki W40xL34,EACH,CARHARTT,2,2,S,A,U,889192575394
102821__DAKH4232,,,,WW,CMTO,Pant Rugged Flex Straight Fit Dark Khaki W42xL32,EACH,CARHARTT,1,1,S,A,U,889192575127
102821__DAKH4234,,,,WW,CMTO,Pant Rugged Flex Straight Fit Dark Khaki W42xL34,EACH,CARHARTT,0,0,S,A,U,889192575424
103056__BLCKOSFA,,,,WW,CMHZ,Rugged Professional Series Cap Black One Size Fits All,EACH,CARHARTT,8,8,S,C,U,889192771550
103056__DAKHOSFA,,,,WW,CMHZ,Rugged Professional Series Cap Dark Khaki One Size Fits All,EACH,CARHARTT,8,8,S,A,U,889192809727
103056__NAVYOSFA,,,,WW,CMHZ,Rugged Professional Series Cap Navy One Size Fits All,EACH,CARHARTT,8,8,S,A,U,889192771581
103160__BLCK3032,,,,WW,CMTO,Pant Steel Double Front Black W30xL32,EACH,CARHARTT,2,2,S,A,U,889192922006
103160__BLCK3232,,,,WW,CMTO,Pant Steel Double Front Black W32xL32,EACH,CARHARTT,3,3,S,A,U,889192922068
103160__BLCK3432,,,,WW,CMTO,Pant Steel Double Front Black W34xL32,EACH,CARHARTT,3,3,S,A,U,889192922129
103160__BLCK3632,,,,WW,CMTO,Pant Steel Double Front Black W36xL32,EACH,CARHARTT,3,3,S,A,U,889192922150
103160__BLCK3832,,,,WW,CMTO,Pant Steel Double Front Black W38xL32,EACH,CARHARTT,3,3,S,A,U,889192922181
103160__BLCK4032,,,,WW,CMTO,Pant Steel Double Front Black W40xL32,EACH,CARHARTT,2,2,S,A,U,889192922211
103160__BLCK4232,,,,WW,CMTO,Pant Steel Double Front Black W42xL32,EACH,CARHARTT,2,2,S,A,U,889192922242
103361__BLCK000L,,,,WW,CMEZ,T-Shirt S/S Core Logo Black Large,EACH,CARHARTT,3,3,S,A,U,889192897496
103361__BLCK000M,,,,WW,CMEZ,T-Shirt S/S Core Logo Black Medium,EACH,CARHARTT,3,3,S,A,U,889192897526
103361__BLCK000S,,,,WW,CMEZ,T-Shirt S/S Core Logo Black Small,EACH,CARHARTT,2,2,S,A,U,889192897557
103361__BLCK00XL,,,,WW,CMEZ,T-Shirt S/S Core Logo Black XL,EACH,CARHARTT,3,3,S,A,U,889192897588
103361__BLCK00XS,,,,WW,CMEZ,T-Shirt S/S Core Logo Black XS,EACH,CARHARTT,1,1,S,A,U,889192897618
103361__BLCK02XL,,,,WW,CMEZ,T-Shirt S/S Core Logo Black 2XL,EACH,CARHARTT,2,2,S,A,U,889192897403
103361__ELHE000M,,,,WW,CMEZ,T-Shirt S/S Core Logo Elm Heather Medium,EACH,CARHARTT,0,0,S,C,U,192776918020
103361__ELHE00XS,,,,WW,CMEZ,T-Shirt S/S Core Logo Elm Heather XS,EACH,CARHARTT,0,0,S,C,U,192776918112
103361__FOBE000L,,,,WW,CMEZ,T-Shirt S/S Core Logo Fog Blue Large,EACH,CARHARTT,0,0,S,N,U,197219042058
103361__FOBE000M,,,,WW,CMEZ,T-Shirt S/S Core Logo Fog Blue Medium,EACH,CARHARTT,0,0,S,N,U,197219042034
103361__FOBE000S,,,,WW,CMEZ,T-Shirt S/S Core Logo Fog Blue Small,EACH,CARHARTT,0,0,S,N,U,197219042010
103361__FOBE00XL,,,,WW,CMEZ,T-Shirt S/S Core Logo Fog Blue XL,EACH,CARHARTT,0,0,S,N,U,197219042072
103361__FOBE00XS,,,,WW,CMEZ,T-Shirt S/S Core Logo Fog Blue XS,EACH,CARHARTT,0,0,S,N,U,197219041990
103361__FOBE02XL,,,,WW,CMEZ,T-Shirt S/S Core Logo Fog Blue 2XL,EACH,CARHARTT,0,0,S,N,U,197219042096
103361__HEGR000L,,,,WW,CMEZ,T-Shirt S/S Core Logo Heather Grey Large,EACH,CARHARTT,3,3,S,A,U,889192897977
103361__HEGR000M,,,,WW,CMEZ,T-Shirt S/S Core Logo Heather Grey Medium,EACH,CARHARTT,2,2,S,A,U,889192898004
103361__HEGR000S,,,,WW,CMEZ,T-Shirt S/S Core Logo Heather Grey Small,EACH,CARHARTT,2,2,S,A,U,889192898035
103361__HEGR00XL,,,,WW,CMEZ,T-Shirt S/S Core Logo Heather Grey XL,EACH,CARHARTT,3,3,S,A,U,889192898066
103361__HEGR00XS,,,,WW,CMEZ,T-Shirt S/S Core Logo Heather Grey XS,EACH,CARHARTT,1,1,S,A,U,889192898097
103361__HEGR02XL,,,,WW,CMEZ,T-Shirt S/S Core Logo Heather Grey 2XL,EACH,CARHARTT,2,2,S,A,U,889192897885
103361__LFRH000L,,,,WW,CMEZ,T-Shirt S/S Core Logo Loden Frost Heather Large,EACH,CARHARTT,0,0,S,N,U,197219041938
103361__LFRH000M,,,,WW,CMEZ,T-Shirt S/S Core Logo Loden Frost Heather Medium,EACH,CARHARTT,0,0,S,N,U,197219041914
103361__LFRH000S,,,,WW,CMEZ,T-Shirt S/S Core Logo Loden Frost Heather Small,EACH,CARHARTT,0,0,S,N,U,197219041891
103361__LFRH00XL,,,,WW,CMEZ,T-Shirt S/S Core Logo Loden Frost Heather XL,EACH,CARHARTT,0,0,S,N,U,197219041952
103361__LFRH00XS,,,,WW,CMEZ,T-Shirt S/S Core Logo Loden Frost Heather XS,EACH,CARHARTT,0,0,S,N,U,197219041877
103361__LFRH02XL,,,,WW,CMEZ,T-Shirt S/S Core Logo Loden Frost Heather 2XL,EACH,CARHARTT,0,0,S,N,U,197219041976
103361__NAVY000L,,,,WW,CMEZ,T-Shirt S/S Core Logo Navy Large,EACH,CARHARTT,3,3,S,A,U,889192898455
103361__NAVY000M,,,,WW,CMEZ,T-Shirt S/S Core Logo Navy Medium,EACH,CARHARTT,2,2,S,A,U,889192898486
103361__NAVY000S,,,,WW,CMEZ,T-Shirt S/S Core Logo Navy Small,EACH,CARHARTT,2,2,S,A,U,889192898516
103361__NAVY00XL,,,,WW,CMEZ,T-Shirt S/S Core Logo Navy XL,EACH,CARHARTT,3,3,S,A,U,889192898547
103361__NAVY00XS,,,,WW,CMEZ,T-Shirt S/S Core Logo Navy XS,EACH,CARHARTT,1,1,S,A,U,889192898578
103361__NAVY02XL,,,,WW,CMEZ,T-Shirt S/S Core Logo Navy 2XL,EACH,CARHARTT,2,2,S,A,U,889192898363
103361__PEAT000L,,,,WW,CMEZ,T-Shirt S/S Core Logo Peat Large,EACH,CARHARTT,0,0,S,C,U,192776074429
103361__PEAT000M,,,,WW,CMEZ,T-Shirt S/S Core Logo Peat Medium,EACH,CARHARTT,0,0,S,C,U,192776074450
103361__PEAT000S,,,,WW,CMEZ,T-Shirt S/S Core Logo Peat Small,EACH,CARHARTT,2,2,S,C,U,192776074481
103361__PEAT00XL,,,,WW,CMEZ,T-Shirt S/S Core Logo Peat XL,EACH,CARHARTT,0,0,S,C,U,192776074511
103361__PEAT00XS,,,,WW,CMEZ,T-Shirt S/S Core Logo Peat XS,EACH,CARHARTT,1,1,S,C,U,192776074542
103361__PEAT02XL,,,,WW,CMEZ,T-Shirt S/S Core Logo Peat 2XL,EACH,CARHARTT,0,0,S,C,U,192776074337
103401__ASRO000L,,,,WW,CLEZ,L/S T-shirt Workwear logo Ash Rose Large,EACH,CARHARTT,0,0,S,I,U,
103401__ASRO000M,,,,WW,CLEZ,L/S T-shirt Workwear logo Ash Rose Medium,EACH,CARHARTT,0,0,S,I,U,
103401__ASRO000S,,,,WW,CLEZ,L/S T-shirt Workwear logo Ash Rose Small,EACH,CARHARTT,0,0,S,I,U,
103401__ASRO00XL,,,,WW,CLEZ,L/S T-shirt Workwear logo Ash Rose XL,EACH,CARHARTT,0,0,S,I,U,
103401__ASRO00XS,,,,WW,CLEZ,L/S T-shirt Workwear logo Ash Rose XS,EACH,CARHARTT,0,0,S,I,U,
103401__BLCK000L,,,,WW,CLEZ,L/S T-shirt Workwear logo Black Large,EACH,CARHARTT,3,3,S,A,U,889192855816
103401__BLCK000M,,,,WW,CLEZ,L/S T-shirt Workwear logo Black Medium,EACH,CARHARTT,4,4,S,A,U,
103401__BLCK000S,,,,WW,CLEZ,L/S T-shirt Workwear logo Black Small,EACH,CARHARTT,4,4,S,A,U,889192855878
103401__BLCK00XL,,,,WW,CLEZ,L/S T-shirt Workwear logo Black XL,EACH,CARHARTT,0,0,S,A,U,
103401__BLCK00XS,,,,WW,CLEZ,L/S T-shirt Workwear logo Black XS,EACH,CARHARTT,1,1,S,A,U,889192855939
103401__HEGR000L,,,,WW,CLEZ,L/S T-shirt Workwear logo Heather Grey Large,EACH,CARHARTT,2,2,S,A,U,889192855991
103401__HEGR000M,,,,WW,CLEZ,L/S T-shirt Workwear logo Heather Grey Medium,EACH,CARHARTT,4,4,S,A,U,889192856028
103401__HEGR000S,,,,WW,CLEZ,L/S T-shirt Workwear logo Heather Grey Small,EACH,CARHARTT,2,2,S,A,U,889192856059
103401__HEGR00XL,,,,WW,CLEZ,L/S T-shirt Workwear logo Heather Grey XL,EACH,CARHARTT,2,2,S,A,U,889192856080
103401__HEGR00XS,,,,WW,CLEZ,L/S T-shirt Workwear logo Heather Grey XS,EACH,CARHARTT,0,0,S,A,U,889192856110
1035564,,,,WW,FMAL,Steel Blue Laces 140cm (Medium) A-000070 Wheat,PACK,STEELBLUE,0,0,S,A,,9333103210054
103563__PEHE000S,,,,WW,CMEZ,T-Shirt Graphic Born To Build Peat Heather Small,EACH,CARHARTT,1,1,S,A,U,192776030784
103563__PEHE00XS,,,,WW,CMEZ,T-Shirt Graphic Born To Build Peat Heather XS,EACH,CARHARTT,3,3,S,A,U,192776030845
103580__TAN_0030,,,,WW,CMLO,M Force LW Ripstop Short Tan 30,EACH,CARHARTT,0,0,S,A,U,192776026671
103580__TAN_0032,,,,WW,CMLO,M Force LW Ripstop Short Tan 32,EACH,CARHARTT,0,0,S,A,U,192776026732
103580__TAN_0036,,,,WW,CMLO,M Force LW Ripstop Short Tan 36,EACH,CARHARTT,0,0,S,A,U,192776026824
103665__CAHE000L,,,,WW,CMEZ,T-Shirt S/S Workwear Graphic Carbon Heather Large,EACH,CARHARTT,0,0,S,A,U,192776056135
103665__CAHE000M,,,,WW,CMEZ,T-Shirt S/S Workwear Graphic Carbon Heather Medium,EACH,CARHARTT,0,0,S,A,U,192776056166
103665__CAHE000S,,,,WW,CMEZ,T-Shirt S/S Workwear Graphic Carbon Heather Small,EACH,CARHARTT,0,0,S,A,U,192776056197
103665__CAHE00XS,,,,WW,CMEZ,T-Shirt S/S Workwear Graphic Carbon Heather XS,EACH,CARHARTT,5,5,S,A,U,192776056258
103665__PORT000M,,,,WW,CMEZ,T-Shirt S/S Workwear Graphic Port Medium,EACH,CARHARTT,0,0,S,A,U,192776055985
103665__PORT000S,,,,WW,CMEZ,T-Shirt S/S Workwear Graphic Port Small,EACH,CARHARTT,7,7,S,A,U,192776056012
103665__PORT00XL,,,,WW,CMEZ,T-Shirt S/S Workwear Graphic Port XL,EACH,CARHARTT,0,0,S,A,U,192776056043
103665__PORT00XS,,,,WW,CMEZ,T-Shirt S/S Workwear Graphic Port XS,EACH,CARHARTT,8,8,S,A,U,192776056074
103851__APHE000L,,,,WW,CMUO,Delmont Zip Hooded Sweatshirt Asphalt Heather Large,EACH,CARHARTT,4,4,S,C,U,192776295213
103851__APHE000M,,,,WW,CMUO,Delmont Zip Hooded Sweatshirt Asphalt Heather Medium,EACH,CARHARTT,4,4,S,C,U,192776295244
103851__APHE000S,,,,WW,CMUO,Delmont Zip Hooded Sweatshirt Asphalt Heather Small,EACH,CARHARTT,3,3,S,C,U,192776295275
103851__APHE00XL,,,,WW,CMUO,Delmont Zip Hooded Sweatshirt Asphalt Heather XL,EACH,CARHARTT,5,5,S,C,U,192776295305
103851__APHE02XL,,,,WW,CMUO,Delmont Zip Hooded Sweatshirt Asphalt Heather 2XL,EACH,CARHARTT,0,0,S,C,U,192776295121
103851__BLHE000L,,,,WW,CMUO,Delmont Zip Hooded Sweatshirt Black Heather Large,EACH,CARHARTT,1,1,S,C,U,192776294919
103851__BLHE000M,,,,WW,CMUO,Delmont Zip Hooded Sweatshirt Black Heather Medium,EACH,CARHARTT,4,4,S,C,U,192776294940
103851__BLHE000S,,,,WW,CMUO,Delmont Zip Hooded Sweatshirt Black Heather Small,EACH,CARHARTT,3,3,S,C,U,192776294971
103851__BLHE00XL,,,,WW,CMUO,Delmont Zip Hooded Sweatshirt Black Heather XL,EACH,CARHARTT,0,0,S,C,U,192776295008
103851__BLHE02XL,,,,WW,CMUO,Delmont Zip Hooded Sweatshirt Black Heather 2XL,EACH,CARHARTT,0,0,S,C,U,192776294827
104068__BLCKOSFA,,,,WW,CMHZ,Teller Hat Black One Size Fits All,EACH,CARHARTT,8,8,S,A,U,192776204765
104103__PORT000M,,,,WW,CMEZ,T-Shirt S/S Graphic Port Medium,EACH,CARHARTT,0,0,S,A,U,192776216409
104103__PORT000S,,,,WW,CMEZ,T-Shirt S/S Graphic Port Small,EACH,CARHARTT,3,3,S,A,U,192776216430
104103__PORT00XS,,,,WW,CMEZ,T-Shirt S/S Graphic Port XS,EACH,CARHARTT,2,2,S,A,U,192776216492
104106__HEGR000S,,,,WW,CMEZ,T-Shirt L/S Block Logo Heather Grey Small,EACH,CARHARTT,4,4,S,A,U,192776202631
104106__NAVY000S,,,,WW,CMEZ,T-Shirt L/S Block Logo Navy Small,EACH,CARHARTT,3,3,S,A,U,192776202457
1041136,,,,WP,WHOZ,Barrier Group Warning Tactile Pad Black 300 x 300mm BTW104-TPUB,EACH,BARRIER,0,0,S,A,,
104362__PORT000S,,,,WW,CMEZ,T-Shirt S/S Workwear Premium Port Small,EACH,CARHARTT,1,1,S,A,U,192776418025
10447413,,,,WP,WSCM,Uniform Safety Poly - Stop Proof of Vaccine Required for Entry 600x450mm,EACH,UNIFSAFE,4,4,S,A,,
10447415,,,,WP,WSCM,Uniform Safety Poly - Remember Sign in Using the QR Code 600x450mm,EACH,UNIFSAFE,3,3,S,A,,
10447416,,,,WP,WSCM,Uniform Safety Poly - Remember Sign in Using the QR Code 300x225mm,EACH,UNIFSAFE,2,2,S,A,,
10447420,,,,WP,WSCM,Uniform Safety Poly - Covid Safety Plan COVID Marshal Is - 600x450mm,EACH,UNIFSAFE,4,4,S,A,,
10447422,,,,WP,WSCM,Uniform Safety Poly - Maximum __ Workers Permitted 600x450mm,EACH,UNIFSAFE,4,4,S,A,,
10447424,,,,WP,WSCM,Uniform Safety Poly - Conditions of Entry Proof of Vaccination 600x450mm,EACH,UNIFSAFE,4,4,S,A,,
10447425,,,,WP,WSCM,Uniform Safety Poly - No Mask - No Entry (With Pictos) 600x450mm,EACH,UNIFSAFE,4,4,S,A,,
10447453,,,,WP,WSGP,Uniform Safety Poly Condition of Entry Face Masks Required 300x225mm,EACH,UNIFSAFE,2,2,S,A,,
10447458,,,,WP,WSGP,Uniform Safety Poly No Mask No Entry (with pictos) 300x225mm,EACH,UNIFSAFE,2,2,S,A,,
10447533,,,,WP,WSCM,Uniform Safety Reduce Speed Sign 1500x750mm Aluminium - Class 1 Reflective,EACH,UNISAFE,0,0,S,A,,
10447716,,,,WP,WSCM,UNISAF 600x150mm - Metal - Hazchem 0,EACH,UNISAFE,0,0,S,A,,
1046059,,,,WP,WSCA,Custom Made Sign Self-Adhesive 850x300mm,EACH,UNIFSAFE,9,9,S,A,,
1046136,,,,WP,WSCP,Custom Made Sign Poly 300x225mm,EACH,UNIFSAFE,0,0,S,A,,
104617__CAHE000L,,,,WW,CMEZ,Force Flex Pocket T-Shirt L/S Carbon Heather Large,EACH,CARHARTT,3,3,S,A,U,192776705057
104617__CAHE000M,,,,WW,CMEZ,Force Flex Pocket T-Shirt L/S Carbon Heather Medium,EACH,CARHARTT,5,5,S,A,U,192776705088
104617__CAHE000S,,,,WW,CMEZ,Force Flex Pocket T-Shirt L/S Carbon Heather Small,EACH,CARHARTT,3,3,S,A,U,192776705118
104617__CAHE00XL,,,,WW,CMEZ,Force Flex Pocket T-Shirt L/S Carbon Heather XL,EACH,CARHARTT,2,2,S,A,U,192776705149
104617__CAHE02XL,,,,WW,CMEZ,Force Flex Pocket T-Shirt L/S Carbon Heather 2XL,EACH,CARHARTT,3,3,S,A,U,192776704968
104617__NAVY000L,,,,WW,CMEZ,Force Flex Pocket T-Shirt L/S Navy Large,EACH,CARHARTT,7,7,S,A,U,192776705712
104617__NAVY000M,,,,WW,CMEZ,Force Flex Pocket T-Shirt L/S Navy Medium,EACH,CARHARTT,5,5,S,A,U,192776705743
104617__NAVY000S,,,,WW,CMEZ,Force Flex Pocket T-Shirt L/S Navy Small,EACH,CARHARTT,4,4,S,A,U,192776705774
104617__NAVY00XL,,,,WW,CMEZ,Force Flex Pocket T-Shirt L/S Navy XL,EACH,CARHARTT,4,4,S,A,U,192776705804
104617__NAVY02XL,,,,WW,CMEZ,Force Flex Pocket T-Shirt L/S Navy 2XL,EACH,CARHARTT,3,3,S,A,U,192776705620
1046218,,,,WP,WSGP,Security Notice This Area Is Under 24 Hours W'Picto Poly 450x300 SW023LSP,EACH,UNIFSAFE,1,1,S,A,,
1046539,,,,WP,WSCP,Custom Made Sign Poly 225x150mm,EACH,UNIFORM,0,0,S,A,,
104723__CHALOSFM,,,,WW,CMHZ,Silvermine Cap Charcoal One Size Fits Most,EACH,CARHARTT,0,0,S,A,U,
1047702,,,,WP,WSCM,Custom Sign Metal 300x225mm,EACH,OUTSOU,0,-1,S,A,,
1048102,,,,WP,WSPA,Prohibition Sign No Smoking Sheet of 10 Sticker 90x55 402SSA,EACH,UNIFSAFE,14,14,S,A,,
1048205,,,,WP,WSGM,Uniform Safety Signs AED Metal 300x225 - 5901MM,EACH,UNIFSAFE,0,0,S,A,,
1048245,,,,WP,WSGP,Uniform Safety Signs AED Poly off Wall - Whte/Green 225x225mm - 5901OWP,EACH,UNIFSAFE,0,0,S,A,,
1048961,,,,WP,WSHA,HLL102.1A H2.1-MA Flammable Gas 2 Sticker 100X100 6 PK,EACH,UNIFSAFE,0,0,S,A,,
1049001,,,,WP,WSGP,Uniform Safety Poly Steps to Correctly Wash Your Hands 300 x 225 mm 5903MP,EACH,UNIFSAFE,2,2,S,A,,
1049005,,,,WP,WSGP,Uniform Safety Poly P2 Must Be Worn In This Area 300 x 225mm 5907MP,EACH,UNIFSAFE,3,3,S,A,,
1049006,,,,WP,WSGP,Uniform Safety Poly Keep Your Distance Help Prevent The Spread 300x225mm 5908MP,EACH,UNIFSAFE,11,11,S,A,,
1049008,,,,WP,WSGO,Uniform Safety Anti Slip Floor Graphic Keep Your Distance 1.5 400mm Dia 5910FG,EACH,UNIFSAFE,2,2,S,A,,
104911__FOGY000L,,,,WW,CMJO,Hubbard Sherpa Lined Shirt JAC Folkstone Gray Large,EACH,CARHARTT,0,0,S,A,U,192776952642
104958,,,,PP,PFHV,3M Australia custom hard hat defence electrical,EACH,3MAUST,0,0,S,A,,
105073,,,,WP,WAKW,Brady Australia Wm1 Workplace Metal Case Wall Mount,EACH,BRADY,1,1,S,A,,9321840154014
105148__BLCK000M,,,,WW,CMEZ,Workwear Graphic S/S T Shirt Black Medium,EACH,CARHARTT,1,1,S,A,U,192776977232
105148__BLCK000S,,,,WW,CMEZ,Workwear Graphic S/S T Shirt Black Small,EACH,CARHARTT,2,2,S,A,U,192776977263
105148__BLCK00XL,,,,WW,CMEZ,Workwear Graphic S/S T Shirt Black XL,EACH,CARHARTT,0,0,S,A,U,192776977294
105148__BLCK00XS,,,,WW,CMEZ,Workwear Graphic S/S T Shirt Black XS,EACH,CARHARTT,1,1,S,A,U,192776977324
105148__HEGR000L,,,,WW,CMEZ,Workwear Graphic S/S T Shirt Heather Grey Large,EACH,CARHARTT,0,0,S,A,U,192776977683
105148__HEGR000M,,,,WW,CMEZ,Workwear Graphic S/S T Shirt Heather Grey Medium,EACH,CARHARTT,3,3,S,A,U,192776977713
105148__HEGR000S,,,,WW,CMEZ,Workwear Graphic S/S T Shirt Heather Grey Small,EACH,CARHARTT,2,2,S,A,U,192776977744
105148__HEGR00XL,,,,WW,CMEZ,Workwear Graphic S/S T Shirt Heather Grey XL,EACH,CARHARTT,3,3,S,A,U,192776977775
105148__HEGR00XS,,,,WW,CMEZ,Workwear Graphic S/S T Shirt Heather Grey XS,EACH,CARHARTT,1,1,S,A,U,192776977805
105148__HEGR02XL,,,,WW,CMEZ,Workwear Graphic S/S T Shirt Heather Grey 2XL,EACH,CARHARTT,0,0,S,A,U,192776977591
105203__BLCK000L,,,,WW,CMEZ,Force Flex Block Logo T Shirt Black Large,EACH,CARHARTT,0,0,S,A,U,195836147200
105203__BLCK000M,,,,WW,CMEZ,Force Flex Block Logo T Shirt Black Medium,EACH,CARHARTT,1,1,S,A,U,195836147231
105203__BLCK000S,,,,WW,CMEZ,Force Flex Block Logo T Shirt Black Small,EACH,CARHARTT,0,0,S,A,U,195836147262
105203__BLCK00XL,,,,WW,CMEZ,Force Flex Block Logo T Shirt Black XL,EACH,CARHARTT,0,0,S,A,U,195836147293
105203__BLCK02XL,,,,WW,CMEZ,Force Flex Block Logo T Shirt Black 2XL,EACH,CARHARTT,0,0,S,A,U,195836147323
105203__CAHE000L,,,,WW,CMEZ,Force Flex Block Logo T Shirt Carbon Heather Large,EACH,CARHARTT,0,0,S,A,U,
105203__CAHE000M,,,,WW,CMEZ,Force Flex Block Logo T Shirt Carbon Heather Medium,EACH,CARHARTT,1,1,S,A,U,
105203__CAHE000S,,,,WW,CMEZ,Force Flex Block Logo T Shirt Carbon Heather Small,EACH,CARHARTT,1,1,S,A,U,195836134569
105203__CAHE00XL,,,,WW,CMEZ,Force Flex Block Logo T Shirt Carbon Heather XL,EACH,CARHARTT,0,0,S,A,U,195836134590
105203__CAHE02XL,,,,WW,CMEZ,Force Flex Block Logo T Shirt Carbon Heather 2XL,EACH,CARHARTT,0,0,S,A,U,
105294__BLCK000L,,,,WW,CMJO,Quarter Zip Sweatshirt Black Large,EACH,CARHARTT,3,3,S,A,U,195836274111
105294__BLCK000M,,,,WW,CMJO,Quarter Zip Sweatshirt Black Medium,EACH,CARHARTT,2,2,S,A,U,195836274142
105294__BLCK000S,,,,WW,CMJO,Quarter Zip Sweatshirt Black Small,EACH,CARHARTT,2,2,S,A,U,195836274173
105294__BLCK00XL,,,,WW,CMJO,Quarter Zip Sweatshirt Black XL,EACH,CARHARTT,0,0,S,A,U,195836274081
105294__BLCK02XL,,,,WW,CMJO,Quarter Zip Sweatshirt Black 2XL,EACH,CARHARTT,1,1,S,A,U,195836274050
105294__CAHE000L,,,,WW,CMJO,Quarter Zip Sweatshirt Carbon Heather Large,EACH,CARHARTT,3,3,S,A,U,195836139311
105294__CAHE000M,,,,WW,CMJO,Quarter Zip Sweatshirt Carbon Heather Medium,EACH,CARHARTT,1,1,S,A,U,195836139342
105294__CAHE000S,,,,WW,CMJO,Quarter Zip Sweatshirt Carbon Heather Small,EACH,CARHARTT,3,3,S,A,U,195836139373
105294__CAHE00XL,,,,WW,CMJO,Quarter Zip Sweatshirt Carbon Heather XL,EACH,CARHARTT,4,4,S,A,U,195836139403
105294__CAHE02XL,,,,WW,CMJO,Quarter Zip Sweatshirt Carbon Heather 2XL,EACH,CARHARTT,2,2,S,A,U,195836139434
105300,,,,WP,WSLN,Sandleford Numeral Self Adhesive 60x35mm White 0,EACH,SANHOL,4,4,S,A,,9321396020351
105301,,,,WP,WSLN,Sandleford Numeral Self Adhesive 60x35mm White 1,EACH,SANHOL,6,6,S,A,,9321396020368
105302,,,,WP,WSLN,Sandleford Numeral Self Adhesive 60x35mm White 2,EACH,SANHOL,8,8,S,A,,9321396020375
105303,,,,WP,WSLN,Sandleford Numeral Self Adhesive 60x35mm White 3,EACH,SANHOL,5,5,S,A,,9321396020382
105304,,,,WP,WSLN,Sandleford Numeral Self Adhesive 60x35mm White 4,EACH,SANHOL,8,8,S,A,,9321396020399
105305,,,,WP,WSLN,Sandleford Numeral Self Adhesive 60x35mm White 5,EACH,SANHOL,4,4,S,A,,9321396020405
105306,,,,WP,WSLN,Sandleford Numeral Self Adhesive 60x35mm White 6,EACH,SANHOL,8,8,S,A,,9321396020412
105307,,,,WP,WSLN,Sandleford Numeral Self Adhesive 60x35mm White 7,EACH,SANHOL,6,6,S,A,,9321396020429
105308,,,,WP,WSLN,Sandleford Numeral Self Adhesive 60x35mm White 8,EACH,SANHOL,4,4,S,A,,9321396020436
105309,,,,WP,WSLN,Sandleford Numeral Self Adhesive 60x35mm White 9,EACH,SANHOL,8,8,S,A,,9321396020443
105310,,,,WP,WSLN,Sandleford Letter Self Adhesive White 60x35mm A,EACH,SANHOL,4,4,S,A,,9321396020450
105311,,,,WP,WSLN,Sandleford Letter Self Adhesive White  60x35mm B,EACH,SANHOL,8,8,S,A,,9321396020467
105312,,,,WP,WSLN,Sandleford Letter Self Adhesive White  60x35mm C,EACH,SANHOL,5,5,S,A,,9321396020474
105313,,,,WP,WSLN,Sandleford Letter Self Adhesive White  60x35mm D,EACH,SANHOL,4,4,S,A,,9321396020481
105314,,,,WP,WSLN,Sandleford Letter Self Adhesive White  60x35mm E,EACH,SANHOL,6,6,S,A,,9321396020498
105315,,,,WP,WSLN,Sandleford Letter Self Adhesive White  60x35mm F,EACH,SANHOL,5,5,S,A,,9321396020504
105316,,,,WP,WSLN,Sandleford Letter Self Adhesive White  60x35mm G,EACH,SANHOL,5,5,S,A,,9321396020511
105317,,,,WP,WSLN,Sandleford Letter Self Adhesive White  60x35mm H,EACH,SANHOL,5,5,S,A,,9321396020528
105318,,,,WP,WSLN,Sandleford Letter Self Adhesive White 60x35mm I,EACH,SANHOL,4,4,S,A,,9321396020535
105319,,,,WP,WSLN,Sandleford Letter Self Adhesive White  60x35mm J,EACH,SANHOL,5,5,S,A,,9321396020542
105320,,,,WP,WSLN,Sandleford Letter Self Adhesive White  60x35mm K,EACH,SANHOL,5,5,S,A,,9321396020559
105321,,,,WP,WSLN,Sandleford Letter Self Adhesive White  60x35mm L,EACH,SANHOL,5,5,S,A,,9321396020566
105322,,,,WP,WSLN,Sandleford Letter Self Adhesive White 60x35mm M,EACH,SANHOL,6,6,S,A,,9321396020573
105323,,,,WP,WSLN,Sandleford Letter Self Adhesive White 60x35mm N,EACH,SANHOL,4,4,S,A,,9321396020580
105324,,,,WP,WSLN,Sandleford Letter Self Adhesive White 60x35mm O,EACH,SANHOL,4,4,S,A,,9321396020597
105325,,,,WP,WSLN,Sandleford Letter Self Adhesive White 60x35mm P,EACH,SANHOL,8,8,S,A,,9321396020603
105326,,,,WP,WSLN,Sandleford Letter Self Adhesive White 60x35mm Q,EACH,SANHOL,5,5,S,A,,9321396020610
105327,,,,WP,WSLN,Sandleford Letter Self Adhesive White 60x35mm R,EACH,SANHOL,5,5,S,A,,9321396020627
105328,,,,WP,WSLN,Sandleford Letter Self Adhesive White 60x35mm S,EACH,SANHOL,4,4,S,A,,9321396020634
105329,,,,WP,WSLN,Sandleford Letter Self Adhesive White 60x35mm T,EACH,SANHOL,5,5,S,A,,9321396020641
105330,,,,WP,WSLN,Sandleford Letter Self Adhesive White 60x35mm U,EACH,SANHOL,4,4,S,A,,9321396020658
105331,,,,WP,WSLN,Sandleford Letter Self Adhesive White 60x35mm V,EACH,SANHOL,5,5,S,A,,9321396020665
105332,,,,WP,WSLN,Sandleford Letter Self Adhesive White 60x35mm W,EACH,SANHOL,5,5,S,A,,9321396020672
105333,,,,WP,WSLN,Sandleford Letter Self Adhesive White 60x35mm X,EACH,SANHOL,5,5,S,A,,9321396020689
105334,,,,WP,WSLN,Sandleford Letter Self Adhesive White 60x35mm Y,EACH,SANHOL,5,5,S,A,,9321396020696
105335,,,,WP,WSLN,Sandleford Letter Self Adhesive White 60x35mm Z,EACH,SANHOL,5,5,S,A,,9321396020702
105336,,,,WP,WSLN,Sandleford Slash 60mm White 60x35mm /,EACH,SANHOL,5,5,S,T,,9321396045002
105337,,,,WP,WSLN,Sandleford Dollar Sign Self Adhesive 60x35mm White $,EACH,SANHOL,5,5,S,T,,9321396045019
105338,,,,WP,WSLN,Sandleford Numeral Self Adhesive 60x35mm Yellow 0,EACH,SANHOL,6,6,S,A,,9321396020719
105339,,,,WP,WSLN,Sandleford Numeral Self Adhesive 60x35mm Yellow 1,EACH,SANHOL,8,8,S,A,,9321396020726
105340,,,,WP,WSLN,Sandleford Numeral Self Adhesive 60x35mm Yellow 2,EACH,SANHOL,8,8,S,A,,9321396020733
105341,,,,WP,WSLN,Sandleford Numeral Self Adhesive 60x35mm Yellow 3,EACH,SANHOL,5,5,S,A,,9321396020740
105342,,,,WP,WSLN,Sandleford Numeral Self Adhesive 60x35mm Yellow 4,EACH,SANHOL,5,5,S,A,,9321396020757
105343,,,,WP,WSLN,Sandleford Numeral Self Adhesive 60x35mm Yellow 5,EACH,SANHOL,5,5,S,A,,9321396020764
105344,,,,WP,WSLN,Sandleford Numeral Self Adhesive 60x35mm Yellow 6,EACH,SANHOL,4,4,S,A,,9321396020771
105345,,,,WP,WSLN,Sandleford Numeral Self Adhesive 60x35mm Yellow 7,EACH,SANHOL,5,5,S,A,,9321396020788
105346,,,,WP,WSLN,Sandleford Numeral Self Adhesive 60x35mm Yellow 8,EACH,SANHOL,5,5,S,A,,9321396020795
105347,,,,WP,WSLN,Sandleford Numeral Self Adhesive 60x35mm Yellow 9,EACH,SANHOL,5,5,S,A,,9321396020801
105348,,,,WP,WSLN,Sandleford Letter Self Adhesive Yellow 60x35mm A,EACH,SANHOL,4,4,S,A,,9321396020818
105349,,,,WP,WSLN,Sandleford Letter Self Adhesive Yellow 60x35mm B,EACH,SANHOL,5,5,S,A,,9321396020825
105350,,,,WP,WSLN,Sandleford Letter Self Adhesive Yellow 60x35mm C,EACH,SANHOL,5,5,S,A,,9321396020832
105351,,,,WP,WSLN,Sandleford Letter Self Adhesive Yellow 60x35mm D,EACH,SANHOL,5,5,S,A,,9321396020849
105352,,,,WP,WSLN,Sandleford Letter Self Adhesive Yellow 60x35mm E,EACH,SANHOL,4,4,S,A,,9321396020856
105352__HEGR000L,,,,WW,CMEZ,Camo Pocket Graphic T Shirt Heather Grey Large,EACH,CARHARTT,0,0,S,A,U,0195836084000
105352__HEGR000M,,,,WW,CMEZ,Camo Pocket Graphic T Shirt Heather Grey Medium,EACH,CARHARTT,3,3,S,A,U,195836084031
105352__HEGR000S,,,,WW,CMEZ,Camo Pocket Graphic T Shirt Heather Grey Small,EACH,CARHARTT,4,4,S,A,U,
105352__HEGR00XL,,,,WW,CMEZ,Camo Pocket Graphic T Shirt Heather Grey XL,EACH,CARHARTT,0,0,S,A,U,
105352__HEGR02XL,,,,WW,CMEZ,Camo Pocket Graphic T Shirt Heather Grey 2XL,EACH,CARHARTT,0,0,S,A,U,195836083911
105353,,,,WP,WSLN,Sandleford Letter Self Adhesive Yellow 60x35mm F,EACH,SANHOL,4,4,S,A,,9321396020863
105354,,,,WP,WSLN,Sandleford Letter Self Adhesive Yellow 60x35mm G,EACH,SANHOL,5,5,S,A,,9321396020870
105355,,,,WP,WSLN,Sandleford Letter Self Adhesive Yellow 60x35mm H,EACH,SANHOL,5,5,S,A,,9321396020887
105356,,,,WP,WSLN,Sandleford Letter Self Adhesive Yellow 60x35mm I,EACH,SANHOL,5,5,S,A,,9321396020894
105357,,,,WP,WSLN,Sandleford Letter Self Adhesive Yellow 60x35mm J,EACH,SANHOL,5,5,S,A,,9321396020900
105358,,,,WP,WSLN,Sandleford Letter Self Adhesive Yellow 60x35mm K,EACH,SANHOL,6,6,S,A,,9321396020917
105359,,,,WP,WSLN,Sandleford Letter Self Adhesive Yellow 60x35mm L,EACH,SANHOL,5,5,S,A,,9321396020924
105361,,,,WP,WSLN,Sandleford Letter Self Adhesive Yellow 60x35mm N,EACH,SANHOL,5,5,S,A,,9321396020948
105362,,,,WP,WSLN,Sandleford Letter Self Adhesive Yellow 60x35mm O,EACH,SANHOL,5,5,S,A,,9321396020955
105363,,,,WP,WSLN,Sandleford Letter Self Adhesive Yellow 60x35mm P,EACH,SANHOL,8,8,S,A,,9321396020962
105364,,,,WP,WSLN,Sandleford Letter Self Adhesive Yellow 60x35mm Q,EACH,SANHOL,5,5,S,A,,9321396020979
105365,,,,WP,WSLN,Sandleford Letter Self Adhesive Yellow 60x35mm R,EACH,SANHOL,7,7,S,A,,9321396020986
105366,,,,WP,WSLN,Sandleford Letter Self Adhesive Yellow 60x35mm S,EACH,SANHOL,9,9,S,A,,9321396020993
105367,,,,WP,WSLN,Sandleford Letter Self Adhesive Yellow 60x35mm T,EACH,SANHOL,4,4,S,A,,9321396021006
105368,,,,WP,WSLN,Sandleford Letter Self Adhesive Yellow 60x35mm U,EACH,SANHOL,4,4,S,A,,9321396021013
105369,,,,WP,WSLN,Sandleford Letter Self Adhesive Yellow 60x35mm V,EACH,SANHOL,5,5,S,A,,9321396021020
105370,,,,WP,WSLN,Sandleford Letter Self Adhesive Yellow 60x35mm W,EACH,SANHOL,5,5,S,A,,9321396021037
105371,,,,WP,WSLN,Sandleford Letter Self Adhesive Yellow 60x35mm X,EACH,SANHOL,5,5,S,A,,9321396021044
105372,,,,WP,WSLN,Sandleford Letter Self Adhesive Yellow 60x35mm Y,EACH,SANHOL,5,5,S,A,,9321396021051
105373,,,,WP,WSLN,Sandleford Letter Self Adhesive Yellow 60x35mm Z,EACH,SANHOL,5,5,S,A,,9321396021068
105374,,,,WP,WSLN,Sandleford Numeral Self Adhesive Reflective Blue 85x55mm 0,EACH,SANHOL,4,4,S,A,,9321396021631
105375,,,,WP,WSLN,Sandleford Numeral Self Adhesive Reflective Blue 85x55mm 1,EACH,SANHOL,5,5,S,A,,9321396021648
105376,,,,WP,WSLN,Sandleford Numeral Self Adhesive Reflective Blue 85x55mm 2,EACH,SANHOL,5,5,S,A,,9321396021655
105377,,,,WP,WSLN,Sandleford Numeral Self Adhesive Reflective Blue 85x55mm 3,EACH,SANHOL,4,4,S,A,,9321396021662
105378,,,,WP,WSLN,Sandleford Numeral Self Adhesive Reflective Blue 85x55mm 4,EACH,SANHOL,4,4,S,A,,9321396021679
105379,,,,WP,WSLN,Sandleford Numeral Self Adhesive Reflective Blue 85x55mm 5,EACH,SANHOL,4,4,S,A,,9321396021686
105379__BLCK000L,,,,WW,CMEZ,C Graphic T Shirt S/S Black Large,EACH,CARHARTT,2,2,S,A,U,195836092135
105379__BLCK000M,,,,WW,CMEZ,C Graphic T Shirt S/S Black Medium,EACH,CARHARTT,5,5,S,A,U,195836092166
105379__BLCK000S,,,,WW,CMEZ,C Graphic T Shirt S/S Black Small,EACH,CARHARTT,3,3,S,A,U,195836092197
105379__BLCK00XL,,,,WW,CMEZ,C Graphic T Shirt S/S Black XL,EACH,CARHARTT,0,0,S,A,U,195836092227
105379__BLCK02XL,,,,WW,CMEZ,C Graphic T Shirt S/S Black 2XL,EACH,CARHARTT,0,0,S,A,U,195836092104
105379__SBHE000L,,,,WW,CMEZ,C Graphic T Shirt S/S Scout Blue Heather Large,EACH,CARHARTT,0,0,S,A,U,195836092289
105379__SBHE000M,,,,WW,CMEZ,C Graphic T Shirt S/S Scout Blue Heather Medium,EACH,CARHARTT,4,4,S,A,U,195836092319
105379__SBHE000S,,,,WW,CMEZ,C Graphic T Shirt S/S Scout Blue Heather Small,EACH,CARHARTT,3,3,S,A,U,195836092340
105379__SBHE00XL,,,,WW,CMEZ,C Graphic T Shirt S/S Scout Blue Heather XL,EACH,CARHARTT,0,0,S,A,U,195836092371
105379__SBHE02XL,,,,WW,CMEZ,C Graphic T Shirt S/S Scout Blue Heather 2XL,EACH,CARHARTT,0,0,S,A,U,195836092258
105380,,,,WP,WSLN,Sandleford Numeral Self Adhesive Reflective Blue 85x55mm 6,EACH,SANHOL,5,5,S,A,,9321396021693
105381,,,,WP,WSLN,Sandleford Numeral Self Adhesive Reflective Blue 85x55mm 7,EACH,SANHOL,5,5,S,A,,9321396021709
105382,,,,WP,WSLN,Sandleford Numeral Self Adhesive Reflective Blue 85x55mm 8,EACH,SANHOL,5,5,S,A,,9321396021716
105383,,,,WP,WSLN,Sandleford Numeral Self Adhesive Reflective Blue 85x55mm 9,EACH,SANHOL,4,4,S,A,,9321396021723
105384,,,,WP,WSGA,"Sandleford Sign Self Adhesive ""75x75 """"No Smoking Symbol""""""",EACH,SANHOL,5,5,S,A,,9321396017870
105385,,,,WP,WSGA,"Sandleford Sign Self Adhesive 75x75mm """"""Not Drinking Water Symbol""""",EACH,SANHOL,5,5,S,A,,9321396017887
105386,,,,WP,WSGA,"Sandleford Sign Self Adhesive ""75x75 """"Disabled Symbol""""""",EACH,SANHOL,5,5,S,A,,9321396017900
105387,,,,WP,WSGA,"Sandleford Sign Self Adhesive 75x75mm """"""Now Wash your hands please""",EACH,SANHOL,5,5,S,A,,9321396017917
105388,,,,WP,WSGA,"Sandleford Sign Self Adhesive ""75x75mm """"Please switch"" ""off all lights when leaving""""",EACH,SANHOL,5,5,S,A,,9321396017924
105389,,,,WP,WSGA,Sandleford Sign Self Adhesive 114x114mm Male Symbol,EACH,SANHOL,8,8,S,A,,9321396045224
105390,,,,WP,WSGA,Sandleford Sign Self Adhesive 114x114mm Female Symbol,EACH,SANHOL,8,8,S,A,,9321396045491
105391,,,,WP,WSGA,Sandleford Sign Self Adhesive 114x114mm Disabled Symbol,EACH,SANHOL,4,4,S,A,,9321396045231
105392,,,,WP,WSGA,Sandleford Sign Self Adhesive 114x114mm First Aid,EACH,SANHOL,6,6,S,A,,9321396045316
105393,,,,WP,WSGA,Sandleford Sign Self Adhesive 114x114mm No Smoking Symbol,EACH,SANHOL,5,5,S,A,,9321396045330
105394,,,,WP,WSGA,Sandleford Sign Self Adhesive 114x114mm Fire Extinguisher Symbol,EACH,SANHOL,5,5,S,A,,9321396045255
105395,,,,WP,WSGA,"Sandleford Sign Self Adhesive ""100x50 """"Push""""""",EACH,SANHOL,5,5,S,A,,9321396017559
105396,,,,WP,WSGA,"Sandleford Sign Self Adhesive ""100x50 """"Pull""""""",EACH,SANHOL,5,5,S,A,,9321396017566
105397,,,,WP,WSGA,"Sandleford Sign Self Adhesive ""100x50 """"Slide Arrow Symbol""""",EACH,SANHOL,5,5,S,A,,9321396017573
105398,,,,WP,WSGA,"Sandleford Sign Self Adhesive ""100x50 """"Toilets""""""",EACH,SANHOL,5,5,S,A,,9321396017580
105401,,,,WP,WSGA,"Sandleford Sign Self Adhesive ""100x50 """"Ladies Symbol""""""",EACH,SANHOL,5,5,S,A,,9321396017610
105402,,,,WP,WSGA,"Sandleford Sign Self Adhesive ""100x50 """"Mens Symbol""""""",EACH,SANHOL,5,5,S,A,,9321396017627
105403,,,,WP,WSGA,"Sandleford Sign Self Adhesive ""100x50 """"Disabled Symbol""""""",EACH,SANHOL,5,5,S,A,,9321396017634
105404,,,,WP,WSGA,"Sandleford Sign Self Adhesive ""100x50 """"No Smoking Thank You",EACH,SANHOL,5,5,S,A,,9321396017641
105405,,,,WP,WSGA,"Sandleford Sign Self Adhesive 100x50mm """"""No Junk Mail Thank You!""""""",EACH,SANHOL,5,5,S,A,,9321396017658
105407,,,,WP,WSGA,"Sandleford Sign Self Adhesive ""100x50mm """"No Newspapers"" ""or Circulars Thank You!""""""",EACH,SANHOL,5,5,S,A,,9321396017672
105408,,,,WP,WSGA,"Sandleford Sign Self Adhesive ""100x50 """"No Entry""""""",EACH,SANHOL,4,4,S,A,,9321396017689
105409,,,,WP,WSGA,"Sandleford Sign Self Adhesive ""100x50 """"Staff Only""""""",EACH,SANHOL,5,5,S,A,,9321396017696
105410,,,,WP,WSGA,"Sandleford Sign Self Adhesive ""100x50 """"Office""""""",EACH,SANHOL,8,8,S,A,,9321396017702
105411,,,,WP,WSGA,"Sandleford Sign Self Adhesive ""100x50 """"Private""""""",EACH,SANHOL,8,8,S,A,,9321396017726
105412,,,,WP,WSGA,"Sandleford Sign Self Adhesive ""100x50 """"Please Ring""""""",EACH,SANHOL,5,5,S,A,,9321396017733
105413,,,,WP,WSGA,"Sandleford Sign Self Adhesive ""100x50mm """"Beware"" ""Security System Installed""""""",EACH,SANHOL,7,7,S,A,,9321396017757
105414,,,,WP,WSGA,"Sandleford Sign Self Adhesive 100x50mm """"""Beware Dog on Premesis""""""",EACH,SANHOL,4,4,S,A,,9321396017764
105415,,,,WP,WSGA,"Sandleford Sign Self Adhesive 100x50mm """"""Please close the Gate""""""",EACH,SANHOL,5,5,S,A,,9321396017788
105416,,,,WP,WSGA,"Sandleford Sign Self Adhesive 245x58mm """"""Surveillance Camera In Use""",EACH,SANHOL,7,7,S,A,,9321396039544
105417,,,,WP,WSGA,"Sandleford Sign Self Adhesive 245x58mm """"""Toilet Disabled Symbol""""""",EACH,SANHOL,5,5,S,A,,9321396017276
105418,,,,WP,WSGA,"Sandleford Sign Self Adhesive ""245x58 """"Private""""""",EACH,SANHOL,5,5,S,A,,9321396017290
105419,,,,WP,WSGA,"Sandleford Sign Self Adhesive ""245x58 """"Mind your step""""""",EACH,SANHOL,5,5,S,A,,9321396017306
105420,,,,WP,WSGA,"Sandleford Sign Self Adhesive ""245x58 """"Staff Only""""""",EACH,SANHOL,5,5,S,A,,9321396017337
105421,,,,WP,WSGA,"Sandleford Sign Self Adhesive ""245x58 """"Slide Arrow Left""""""",EACH,SANHOL,5,5,S,A,,9321396017368
105422,,,,WP,WSGA,"Sandleford Sign Self Adhesive ""245x58 """"Slide Arrow Right""""""",EACH,SANHOL,5,5,S,A,,9321396017375
105423,,,,WP,WSGA,"Sandleford Sign Self Adhesive ""245x58 """"Keep Door Closed""""""",EACH,SANHOL,5,5,S,A,,9321396017382
105425,,,,WP,WSGA,"Sandleford Sign Self Adhesive ""245x58 """"Mind your head""""""",EACH,SANHOL,5,5,S,A,,9321396017405
105426,,,,WP,WSGA,"Sandleford Sign Self Adhesive ""245x58 """"Push/Pull""""""",EACH,SANHOL,5,5,S,A,,9321396017443
105427,,,,WP,WSGA,"Sandleford Sign Self Adhesive 245x58mm """"""Toilets Men & Ladies Symbol",EACH,SANHOL,5,5,S,A,,9321396017450
105428,,,,WP,WSGA,"Sandleford Sign Self Adhesive ""245x58 """"Ladies """"""",EACH,SANHOL,8,8,S,A,,9321396017481
105429,,,,WP,WSGA,"Sandleford Sign Self Adhesive ""245x58 """"Gentlemen """"""",EACH,SANHOL,8,8,S,A,,9321396017498
105430__ASPH000L,,,,WW,CMJO,Flannel Sherpa ShirtJacket Asphalt Large,EACH,CARHARTT,0,0,S,A,U,195836225601
105430__ASPH000M,,,,WW,CMJO,Flannel Sherpa ShirtJacket Asphalt Medium,EACH,CARHARTT,1,-1,S,A,U,195836225588
105430__ASPH000S,,,,WW,CMJO,Flannel Sherpa ShirtJacket Asphalt Small,EACH,CARHARTT,1,1,S,A,U,195836225571
105430__ASPH00XL,,,,WW,CMJO,Flannel Sherpa ShirtJacket Asphalt XL,EACH,CARHARTT,2,2,S,A,U,195836225564
105431,,,,WP,WSGA,"Sandleford Sign Self Adhesive ""245x58 """"Entrance""""""",EACH,SANHOL,5,5,S,A,,9321396017535
105432,,,,WP,WSGA,"Sandleford Sign Self Adhesive ""245x58 """"Exit""""""",EACH,SANHOL,5,5,S,A,,9321396017542
105433,,,,WP,WSGA,"Sandleford Sign Self Adhesive ""245x58 """"Reception""""""",EACH,SANHOL,4,4,S,A,,9321396024083
105435,,,,WP,WSGA,"Sandleford Sign Self Adhesive ""245x58 """"No Trespassing""""""",EACH,SANHOL,5,5,S,A,,9321396024120
105436,,,,WP,WSSZ,Sandleford Stencil Kit 150mm 0 to 9 A to Z & $ Arrow,EACH,SANHOL,2,2,S,A,,9321396026148
105437,,,,WP,WSLN,Sandleford Letter Kit 75mm 0 to 9 A to Z & $ Arrow,EACH,SANHOL,3,3,S,A,,9321396027879
105438,,,,WP,WSGA,Sandleford Holdings Medium Sign PP- Safety First Avoid Contamination 300x225mm,EACH,SANHOL,5,5,S,A,,9321400000000
105441,,,,PP,TGCE,Sandleford Holdings Face Shield Clear Adjustable FS200,EACH,RSEA,0,0,S,C,,9321396054097
105443,,,,WP,TGCT,InnoScreen COVID-19 Rapid Antigen Test Device  Aust Made Pk20 Nasal - Box 20 Only,EACH,RSEA,0,0,S,C,,
105444,,,,WP,TGCT,Orawell COVID-19 Ag Rapid Saliva Test Device - Single Pack,EACH,MOTONE,0,0,S,T,,
105445,,,,WP,TGCT,Orawell COVID-19 Ag Rapid Saliva Test Device - 5 Pack,EACH,MOTONE,0,0,S,T,,
105448,,,,WP,TGCT,V-Chek COVID-19 Saliva  Test Lollipop Single,EACH,COLSUP,0,0,S,N,,754590335515
105449,,,,WP,TGCT,V-Chek COVID-19 Saliva  Test Lollipop 20-Pack,EACH,COLSUP,0,0,S,C,,0754590335546
105452,,,,WP,WJMZ,V-Chek COVID-19 Saliva  Test Lollipop 5-Pack,EACH,COLSUP,0,0,S,O,,
105532__BLCK000L,,,,WW,CMJO,Fleece Lined Snap ShirtJacket Black Large,EACH,CARHARTT,1,1,S,A,U,195836228558
105532__BLCK000M,,,,WW,CMJO,Fleece Lined Snap ShirtJacket Black Medium,EACH,CARHARTT,0,0,S,A,U,195836228534
105532__BLCK000S,,,,WW,CMJO,Fleece Lined Snap ShirtJacket Black Small,EACH,CARHARTT,0,0,S,A,U,195836228527
105532__BLCK00XL,,,,WW,CMJO,Fleece Lined Snap ShirtJacket Black XL,EACH,CARHARTT,1,1,S,A,U,195836228510
105532__BLCK02XL,,,,WW,CMJO,Fleece Lined Snap ShirtJacket Black 2XL,EACH,CARHARTT,2,2,S,A,U,0195836228602
105569__APHE000L,,,,WW,CMUO,Lightweight Logo Graphic Sweat Asphalt Heather Large,EACH,CARHARTT,3,3,S,A,U,0195836383295
105569__APHE000M,,,,WW,CMUO,Lightweight Logo Graphic Sweat Asphalt Heather Medium,EACH,CARHARTT,4,4,S,A,U,195836383264
105569__APHE000S,,,,WW,CMUO,Lightweight Logo Graphic Sweat Asphalt Heather Small,EACH,CARHARTT,3,3,S,A,U,195836383233
105569__APHE00XL,,,,WW,CMUO,Lightweight Logo Graphic Sweat Asphalt Heather XL,EACH,CARHARTT,3,3,S,A,U,195836383325
105569__APHE02XL,,,,WW,CMUO,Lightweight Logo Graphic Sweat Asphalt Heather 2XL,EACH,CARHARTT,3,3,S,A,U,0195836383356
105569__BLCK000L,,,,WW,CMUO,Lightweight Logo Graphic Sweat Black Large,EACH,CARHARTT,2,2,S,A,U,195836383622
105569__BLCK000M,,,,WW,CMUO,Lightweight Logo Graphic Sweat Black Medium,EACH,CARHARTT,4,4,S,A,U,195836383592
105569__BLCK000S,,,,WW,CMUO,Lightweight Logo Graphic Sweat Black Small,EACH,CARHARTT,3,3,S,A,U,195836383561
105569__BLCK00XL,,,,WW,CMUO,Lightweight Logo Graphic Sweat Black XL,EACH,CARHARTT,3,3,S,A,U,195836383653
105569__BLCK02XL,,,,WW,CMUO,Lightweight Logo Graphic Sweat Black 2XL,EACH,CARHARTT,3,3,S,A,U,195836383684
105646__CAHE000L,,,,WW,CMEZ,Pocket Graphic S/S T-Shirt Carbon Heather Large,EACH,CARHARTT,3,3,S,A,U,195836231275
105646__CAHE000M,,,,WW,CMEZ,Pocket Graphic S/S T-Shirt Carbon Heather Medium,EACH,CARHARTT,3,3,S,A,U,195836231282
105646__CAHE000S,,,,WW,CMEZ,Pocket Graphic S/S T-Shirt Carbon Heather Small,EACH,CARHARTT,3,3,S,A,U,195836231299
105646__CAHE00XL,,,,WW,CMEZ,Pocket Graphic S/S T-Shirt Carbon Heather XL,EACH,CARHARTT,0,0,S,A,U,195836231305
105646__CAHE02XL,,,,WW,CMEZ,Pocket Graphic S/S T-Shirt Carbon Heather 2XL,EACH,CARHARTT,0,0,S,A,U,195836231268
105800,,,,WP,WJMZ,Mitsubishi Pencil Industrial UNI Permanent Marker Chisel Tip Black 580BK,EACH,MITPEN,13,13,S,A,,4902778559291
105801,,,,WP,WJMZ,Mitsubishi Pencil Industrial UNI Permanent Marker Bullet Tip Black 520BK,EACH,MITPEN,7,7,S,A,,4902778559253
105802,,,,WP,WJMZ,Mitsubishi Pencil Industrial UNI Super Ink Marker 0.9mm Black PNA125BK,EACH,MITPEN,24,24,S,A,,4902778036907
105803,,,,WP,WJMZ,Mitsubishi Pencil Industrial UNI Power Tank Ballpoint Pen 1.00mm Black SN220MBK,EACH,MITPEN,17,17,S,A,,4902778763674
105804,,,,WP,WJMZ,Mitsubishi Pencil Industrial UNI Power Tank Ballpoint Pen 1.00mm Blue SN220MBL,EACH,MITPEN,27,27,S,A,,4902778763681
105805,,,,WP,WJMZ,Mitsubishi Pencil Industrial UNI Paint Marker 4.0mm Black PX30BBK,EACH,MITPEN,5,5,S,A,,4902778917350
105806,,,,WP,WJMZ,Mitsubishi Pencil Industrial UNI Paint Marker 4.0mm Yellow PX30BY,EACH,MITPEN,4,4,S,A,,4902778917381
105807,,,,WP,WJMZ,Mitsubishi Pencil Industrial UNI Paint Marker 4.0mm Blue PX30BBL,EACH,MITPEN,2,2,S,A,,4902778917367
105808,,,,WP,WJMZ,Mitsubishi Pencil Industrial UNI Paint Marker 4.0mm White PX30BWH,EACH,MITPEN,6,6,S,A,,4902778917398
105809,,,,WP,WJMZ,Mitsubishi Pencil Industrial UNI Paint Marker 1.2mm White PX21WH,EACH,MITPEN,20,20,S,A,,4902778558607
105810,,,,WP,WJMZ,Mitsubishi Pencil Industrial UNI Paint Marker 1.2mm Black PX21BK,EACH,MITPEN,5,5,S,A,,4902778558720
105811,,,,WP,WJMZ,Mitsubishi Pencil Industrial UNI Paint Marker 1.2mm Gold PX21GD,EACH,MITPEN,17,17,S,A,,4902778558737
105812,,,,WP,WJMZ,Mitsubishi Pencil Industrial UNI Paint Marker 1.2mm Silver PX21S,EACH,MITPEN,16,16,S,A,,4902778558744
105813,,,,WP,WJMZ,Mitsubishi Pencil Industrial UNI Paint Marker 2.8mm Yellow PX20Y,EACH,MITPEN,6,6,S,A,,4902778912263
105814,,,,WP,WJMZ,Mitsubishi Pencil Industrial UNI Paint Marker 2.8mm Pink PX20P,EACH,MITPEN,0,0,S,A,,4902778912331
105815,,,,WP,WJMZ,Mitsubishi Pencil Industrial UNI Paint Marker 2.8mm Red PX20R,EACH,MITPEN,10,10,S,A,,4902778912348
105816,,,,WP,WJMZ,Mitsubishi Pencil Industrial UNI Paint Marker 2.8mm White PX20WH,EACH,MITPEN,11,11,S,A,,4902778912256
105817,,,,WP,WJMZ,Mitsubishi Pencil Industrial UNI Paint Marker 2.8mm Blue PX20BL,EACH,MITPEN,8,8,S,A,,4902778912317
105818,,,,WP,WJMZ,Mitsubishi Pencil Industrial UNI Paint Marker 2.8mm Black PX20BK,EACH,MITPEN,11,11,S,A,,4902778912379
105908__BLCK000L,,,,WW,CMEZ,HeavyWeight S/S Graphic TShirt Black Large,EACH,CARHARTT,1,1,S,A,U,195836533393
105908__BLCK000M,,,,WW,CMEZ,HeavyWeight S/S Graphic TShirt Black Medium,EACH,CARHARTT,3,3,S,A,U,195836533362
105908__BLCK000S,,,,WW,CMEZ,HeavyWeight S/S Graphic TShirt Black Small,EACH,CARHARTT,3,3,S,A,U,195836533331
105908__BLCK00XL,,,,WW,CMEZ,HeavyWeight S/S Graphic TShirt Black XL,EACH,CARHARTT,0,0,S,A,U,195836533423
105908__BLCK02XL,,,,WW,CMEZ,HeavyWeight S/S Graphic TShirt Black 2XL,EACH,CARHARTT,1,1,S,A,U,195836533454
105908__MOST000L,,,,WW,CMEZ,HeavyWeight S/S Graphic TShirt Moonstone Large,EACH,CARHARTT,4,4,S,A,U,195836533546
105908__MOST000M,,,,WW,CMEZ,HeavyWeight S/S Graphic TShirt Moonstone Medium,EACH,CARHARTT,4,4,S,A,U,195836533515
105908__MOST000S,,,,WW,CMEZ,HeavyWeight S/S Graphic TShirt Moonstone Small,EACH,CARHARTT,3,3,S,A,U,195836533485
105908__MOST00XL,,,,WW,CMEZ,HeavyWeight S/S Graphic TShirt Moonstone XL,EACH,CARHARTT,0,0,S,A,U,195836533577
105908__MOST02XL,,,,WW,CMEZ,HeavyWeight S/S Graphic TShirt Moonstone 2XL,EACH,CARHARTT,1,1,S,A,U,195836533607
105910__JAHE000L,,,,WW,CMEZ,Line Graphic S/S T-Shirt Jade Heather Large,EACH,CARHARTT,4,4,S,A,U,195836586450
105910__JAHE000M,,,,WW,CMEZ,Line Graphic S/S T-Shirt Jade Heather Medium,EACH,CARHARTT,1,1,S,A,U,195836586429
105910__JAHE000S,,,,WW,CMEZ,Line Graphic S/S T-Shirt Jade Heather Small,EACH,CARHARTT,3,3,S,A,U,195836586399
105910__JAHE00XL,,,,WW,CMEZ,Line Graphic S/S T-Shirt Jade Heather XL,EACH,CARHARTT,0,0,S,A,U,195836586481
105910__JAHE02XL,,,,WW,CMEZ,Line Graphic S/S T-Shirt Jade Heather 2XL,EACH,CARHARTT,0,0,S,A,U,195836586511
105910__NBLH000L,,,,WW,CMEZ,Line Graphic S/S T-Shirt Night Blue Heather Large,EACH,CARHARTT,2,2,S,A,U,195836586603
105910__NBLH000M,,,,WW,CMEZ,Line Graphic S/S T-Shirt Night Blue Heather Medium,EACH,CARHARTT,1,1,S,A,U,195836586573
105910__NBLH000S,,,,WW,CMEZ,Line Graphic S/S T-Shirt Night Blue Heather Small,EACH,CARHARTT,3,3,S,A,U,195836586542
105910__NBLH00XL,,,,WW,CMEZ,Line Graphic S/S T-Shirt Night Blue Heather XL,EACH,CARHARTT,1,1,S,A,U,195836586634
105910__NBLH02XL,,,,WW,CMEZ,Line Graphic S/S T-Shirt Night Blue Heather 2XL,EACH,CARHARTT,1,1,S,A,U,195836586665
1060008,,,,WP,WTGR,Reflexite Silver Reflective Tape 50mm Per Metre GP440 FV - 440 -15,EACH,ORAFREFL,0,0,S,C,,
1065021,,,,PH,PHKR,Spanset Kit Roof Worker 6001-0 ERGO,EACH,SPANSET,2,2,S,A,,9315418000438
1065023,,,,PH,PHKP,Spanset Gotcha Post Fall Rescue Kit w' 50m Rope GOTCHA-KIT-0,EACH,SPANSET,0,0,S,A,,
1065028,,,,PH,PHLW,Spanset Lanyard Webbing Energy Absorb 1.8 with Hooks 3053,EACH,SPANSET,2,2,S,A,,9315418000377
1065030,,,,PH,PHCL,Spanset Rope Restraint Line Snap Hook Perm Shock Absorb to Rope Adjust 15m 3108-SA-0x15,EACH,SPANSET,0,0,S,A,,9315418000810
1065031,,,,PH,PHCS,Spanset Reeved Heavy Duty Anchor Strap 1.3m 3501,EACH,SPANSET,0,0,S,A,,9315418000414
1065056,,,,PH,PHLW,Spanset Lanyard Energy Absorb Webbing 1.8m H1  H3 Scaff Hook 3055-01,EACH,SPANSET,3,3,S,A,,9315418000384
1065154,,,,PH,PHAM,Spanset Strap Suspension Pack of 2 SG238-0,EACH,SPANSET,1,1,S,A,,9315418000452
1065308,,,,PH,PHLT,Spanset Lanyard Twin 1.8m H1 Hook and 2xH3 Scaff Hooks 3058E,EACH,SPANSET,1,1,S,A,,
1065312,,,,PH,PCIH,Spanset Harness Confined Space Front & Rear Fall Arrest 1104-BP,EACH,SPANSET,1,1,S,A,,9315418000360
1065390,,,,PH,PHHF,Spanset Spectre Harness Full Body Fall Arrest 1100-TRADIE,EACH,SPANSET,6,6,S,A,,
1065587,,,,PH,PHHF,SpanSet Australia Harness Full Body Spectre 1150 SPECTRE,EACH,SPANSET,0,0,S,A,,
1070005,,,,RS,RSSZ,Bi Pod Legs Folding Each BPF01,EACH,UNIFSAFE,6,6,S,A,,
1090030,,,,PP,PBCD,Pryme Australia Sqweeze Pops Pk 10 Sqwincher SQ159200201,EACH,SQWINCHER,16,16,S,A,,75880240105
1090550,,,,PH,PHAM,Pryme Australia Squids 3155 Hard Hat Lanyard 19155,EACH,PRYME,0,0,S,A,,
1090562,,,,PP,PBCA,Pryme Bandana Evaporative Cooling Chill Its Solid Blue 12307,EACH,PRYME,16,10,S,A,,720476123071
1090563,,,,PP,PBCA,Pryme Bandana Evaporative Cooling Chill Its Lime 12301,EACH,PRYME,9,9,S,A,,720476123019
1090564,,,,PP,PBCA,Pryme Bandana Evaporative Cooling Chill Its Camo 12304,EACH,PRYME,18,10,S,A,,720476123040
1090565,,,,PP,PBCA,Pryme Bandana Evaporative Cooling Chill Its Red Western 12305,EACH,PRYME,12,12,S,A,,720476123057
1090566,,,,PP,PBCA,Pryme Hard Hat Pad Evap Cooling Chill Its Solid Blue 12337,EACH,PRYME,10,10,S,A,,720476123378
1090567,,,,PP,PBCA,Pryme Hard Hat Liner Evap Cooling Chill Its Solid Blue 12338,EACH,PRYME,11,11,S,A,,720476123385
1090568,,,,PP,PBCA,Pryme Bandana Evaporative Cooling Chill Its Blue Western 12306,EACH,PRYME,12,12,S,A,,720476123064
1096069,,,,WP,WEDZ,Perfect Image USB Rechargable Headlamp HD230,EACH,PERIMA,0,0,S,A,,9343174001208
1097612,,,,WP,WCCL,Storemasta Flammable Liquid Storage Cabinets 100L SC100,EACH,STORE,0,0,S,A,,
11-518__BLUE0008,,,,PP,PGYO,Glove Hyflex L/Weight Cut Res Blue 8,EACH,ANSELL,0,0,S,A,U,
11-518__BLUE0009,,,,PP,PGYO,Glove Hyflex L/Weight Cut Res Blue 9,EACH,ANSELL,0,0,S,A,U,
11-518__BLUE0010,,,,PP,PGYO,Glove Hyflex L/Weight Cut Res Blue 10,EACH,ANSELL,0,0,S,A,U,
11-518__BLUE0011,,,,PP,PGYO,Glove Hyflex L/Weight Cut Res Blue 11,EACH,ANSELL,0,0,S,A,U,
11-739__GREY0007,,,,PP,PGCO,Ansell Hyflex Extended Glove Grey 7,EACH,ANSELL,10,10,S,A,U,
11-739__GREY0008,,,,PP,PGCO,Ansell Hyflex Extended Glove Grey 8,EACH,ANSELL,32,32,S,A,U,
110006,,,,RS,RHCR,Barrier Security Cable Hump Rubber 3 Channel 900x500x75mm CP3BODY,EACH,BARRIER,0,0,S,A,,
1100098,,,,WP,WSCM,Custom Made Sign Metal 600x400,EACH,UNIFSAFE,0,-6,S,A,,
110017,,,,RS,RHSP,Barrier Security Speed Hump Slo-motion Comp Yellow Body Module SMC250Y,EACH,BARRIER,0,0,S,A,,
110018,,,,RS,RHSP,Barrier Security Speed Hump Slo-motion Comp Black Body Module SMC250B,EACH,BARRIER,0,0,S,A,,
110019,,,,RS,RHSP,Barrier Security Speed Hump Slo-motion Comp Radius End Module Pair SMC250E,EACH,BARRIER,0,0,S,A,,
110058,,,,RS,RHCZ,Barrier Security Rubber Wheel Chock 5.3kg 255x210x180 WC1 Each,EACH,BARRIER,0,0,S,A,,
110095,,,,WP,WMIC,Barrier Security Convex Mirror Indoor 600mm MC600ID,EACH,BARRIER,0,0,S,A,,
110112,,,,RS,RHCZ,Barrier Security Kerb Ramp Bumper Black 480x430x110mm KR1030 Each,EACH,BARRIER,0,0,S,A,,
110188,,,,RS,RBAZ,Barrier Security Port-A-Guard 6M Expand Barrier Wall Bracket Blk/Yel BPG600BY,EACH,BARRIER,0,0,S,A,,
110191,,,,RS,RBAZ,Barrier Security Port-A-Guard 3M Expand Barrier Wall Bracket Blk/Yel BPG300BY,EACH,BARRIER,0,0,S,A,,
110204,,,,RS,ROFM,Barrier Security Centurian 90mm Mount Bollard Surface Mount C90SM,EACH,BARRIER,0,0,S,A,,
110220,,,,WP,WVSA,Barrier Security Stair Nosing Anti Slip FRP 450x76x30 Yellow BSN45075,EACH,BARRIER,5,5,S,A,,
110226,,,,WP,WVSN,Barrier Security Stair Nosing FRP Yellow 900x76x30mm BSN90075,EACH,BARRIER,0,0,S,A,,
110243,,,,RS,ROFM,Barrier Security Bollard Surface Mont Round 1300x350x165 C165SM,EACH,BARRIER,0,0,S,A,,
110323,,,,WP,WHRZ,Barrier Security Impact Protection Strip Poly L Shaped Profile 1M ACS-3,EACH,BARRIER,0,0,S,A,,
110346,,,,RS,ROFM,Barrier Security Bollard Surface Mount P/Caot 114mm Dia Yellow C114SME,EACH,BARRIER,0,0,S,A,,
1110019_ASST0712,,,,WW,CMAS,Socks Ankle 5 Pack Assorted Colours Sizes 7 to 12,EACH,CAT,0,0,S,C,U,9353546272594
1110020,,,,RS,RHCZ,FSP Australia Wheel Chock Light Vehicle 170x290x210mm 2kg OZCH055,EACH,FSP,0,0,S,A,,
1110020_ASST0712,,,,WW,CMAS,Socks Crew 5 Pack Assorted Colours Sizes 7 to 12,EACH,CAT,0,0,S,C,U,9353546272600
1115000,,,,RS,RBFU,Bunting Orange 30 Metre roll on rope,EACH,RSEA,32,32,S,C,,9336179004138
1115006,,,,RS,RBFU,Bunting Bunting Multi Coloured 30M roll on rope,EACH,RSEA,10,10,S,C,,9336179004343
1120105_HEGROSFA,,,,WW,CMHZ,Cap Flat Bill Sheridan Heather Grey One Size Fits All,EACH,CAT,0,0,S,C,U,9353546014101
1120117_BLCK__OS,,,,WW,CMHZ,Trademark Cuff Beanie Black One Size,EACH,CAT,0,0,S,C,U,0882600723165
1120285_BLCK00SM,,,,WW,CMHZ,Trademark Safari Cap Black Small to Medium,EACH,CAT,0,0,S,C,U,882600787464
1120285_BLCK0LXL,,,,WW,CMHZ,Trademark Safari Cap Black Large to Extra Large,EACH,CAT,0,0,S,C,U,0882600787457
1120285_BLCKOSFA,,,,WW,CMHZ,Trademark Safari Cap Black One Size Fits All,EACH,CAT,0,0,S,C,U,
1120285_KHKI00SM,,,,WW,CMHZ,Trademark Safari Cap Khaki Small to Medium,EACH,CAT,0,0,S,C,U,882600787488
1120285_KHKIOSFA,,,,WW,CMHZ,Trademark Safari Cap Khaki One Size Fits All,EACH,CAT,0,0,S,C,U,
1128043_BLCKOSFA,,,,WW,CMHZ,CAT Branded Beanie/Cap Black One Size Fits All,EACH,CAT,0,0,S,C,U,9353546010004
1130060,,,,WW,CMTZ,Reflective Fabrication 3M Silver Sew On Tape 50mm (Roll 50m) Per Metre 8910/50,EACH,WORKIND,42,42,S,A,,
1130092,,,,WP,WTWR,13057 RT3RW Tape Reflective Red/White CL2 50mmx45.7m PER METRE,EACH,UNIFSAFE,38,38,S,A,,
114090,,,,WP,WSCM,Security Sign This Area Is Under 24 Hour Surv Metal 450x300 SW023LSM,EACH,UNIFSAFE,2,2,S,A,,
1141016,,,,PH,PHHF,Skylotec Australia Harness Fall Arrest CS2 Front & Rear Attach G-AUS-0902,EACH,SKYLOTEC,7,7,S,A,,
1141017,,,,PH,PHLR,Skylotec Australia Rope Lanyard Dble Action Snap Hooks 2m L-AUS-0089-2,EACH,SKYLOTEC,4,4,S,A,,
1141026,,,,PH,PHMO,Skylotec Australia ARG 30 Confined Space Ind. Harness - G-AUS-0030,EACH,SKYLOTEC,2,2,S,A,,
1141030,,,,PH,PHKR,Skylotec Australia Roof Workers Kit 15m SET-AUS-0006,EACH,SKYLOTEC,3,3,S,A,,
1141031,,,,PH,PHBS,Skylotec Australia Karabiner Steel Screw Gate H-037,EACH,SKYLOTEC,0,0,S,A,,
1141032,,,,PH,PHBT,Skylotec Australia Carabiner Steel Triple Action H-051,EACH,SKYLOTEC,7,7,S,A,,
1141106,,,,PH,PHLS,Skylotec Australia BFD Flex Lanyard Single Leg 2m L-AUS-0543-2,EACH,SKYLOTEC,1,1,S,T,,4030281162414
1141108,,,,PH,PHLR,Skylotec BFD Shock Pack 0.3m L-AUS-0005-AT,EACH,SKYLOTEC,0,0,S,A,,4030281162308
1141152,,,,PH,PHHM,Skylotec Oval Link 8 Screw Link 10mm H-048-8-VA,EACH,SKYLOTEC,2,2,S,A,,
1141202,,,,PH,PHCS,Skylotec Loop Set - Fitted w Steel 40kN Autolock Karabiner 22mm Gate,EACH,SKYLOTEC,0,0,S,A,,4030281100270
114254,,,,RS,RSCS,Temporary Sign Pedestrians W'Left Arrow Corflute 1200x300 T9-18,EACH,UNIFSAFE,0,0,S,A,,
114255,,,,RS,RSCS,Temporary Sign Pedestrians W'Right Arrow Corflute 1200x300 T9-19,EACH,UNIFSAFE,0,0,S,A,,
1170018,,,,WP,WSVA,RSEA Safety A Frame Wet Floor Yellow,EACH,RSEA,9,9,S,A,,9327949001105
1170020,,,,WP,WSVA,RSEA Safety A Frame Cleaning In Progress Yellow BASAC12Y,EACH,RSEA,0,0,S,T,,
1214001,,,,WW,CMAO,RSEA Safety Black Life Line Top Hanger - Carton of 400,EACH,RSEA,4373,4373,S,A,,
1214005,,,,WW,CMAO,Spotless Plastic Pant Clip Hanger Rubber Pads Carton of 200,EACH,SPOGRO,3000,3000,S,A,,
1225654,,,,WW,CMVD,**NLA** UBEWT Day Vest with Vistor Pocket VTT01V  Orange  3XL,EACH,UBEWT,0,0,S,I,,
1228032,,,,WP,WCWZ,RSEA Asbestos Bags Printed Bags 700x1100 HDAR700x1100,EACH,RSEA,103,103,S,A,,9336179012621
1228601,,,,WP,WJWZ,Bag of Rags Workshop Rags 9kg Bags W/SHOP,EACH,RSEA,6,6,S,A,,
12304,,,,PP,PRCO,CleanSpace Particulate Filter TM3 P3 HEPA Pack of 3PAF-0035,EACH,PAFAUS,0,0,S,A,,9346668000060
1235018,,,,RS,RLWZ,Traffic Baton (OS) Traffic Wand 2 Mode Flashing & Static Red ST-900R,EACH,RSEA,15,15,S,A,,9336179002561
1235019,,,,RS,RCAZ,Cone Extension Bar Retractable Cone Bar with Reflective Tape TSEF-B120,EACH,RSEA,20,20,S,A,,9332881000208
1245005,,,,WP,WFQB,Fire Blanket Fire Blanket 1000x1000,EACH,MRDIST,5,5,S,A,,9313730000000
1245006,,,,WP,WFQB,Fire Blanket Fire Blanket 1200x1200,EACH,MRDIST,7,7,S,A,,9313730000000
1245007,,,,WP,WFQB,Fire Blanket Fire Blanket 1200x1800,EACH,MRDIST,6,6,S,A,,7898923944111
1245008,,,,WP,WFQB,Fire Blanket Fire Blanket 1800x1800,EACH,MRDIST,4,4,S,A,,6925516216391
124501,,,,WP,WFEC,Fire Extinguisher Co2 5KG FW5.0Co2,EACH,FIREWORLD,0,0,S,A,,
1245020,,,,WP,WFEB,Vehicle Bracket Bracket Heavy Duty Vehicle to suit 4.5kg Extinguisher,EACH,MRDIST,7,7,S,A,,
1245021,,,,WP,WFEB,Vehicle Bracket Bracket Heavy Duty Vehicle to suit 9kg Extinguisher,EACH,MRDIST,8,8,S,A,,
1245025,,,,WP,WFMO,Fire Extinguisher Tag Tag Fire Extinguisher Service Metal,EACH,MRDIST,4,4,S,A,,
1245026,,,,WP,WFMO,Fire Extinguisher Tag Ring Tag Ring Fire Extinguisher Service Metal,EACH,MRDIST,10,10,S,A,,
125143,,,,WW,FMLS,***NLA*** Blundstone Brown 3 High Leg B311,EACH,BLUNDSTONE,0,0,S,O,,
1277000,,,,RS,RBMZ,Thai Prasit Orange Barrier Mesh 8 kg 50 Metre Roll,EACH,RSEA,4,4,S,A,,9336179056922
1277001,,,,RS,RBMZ,Thai Prasit Yellow Barrier Mesh 8 kg 50 Metre Roll,EACH,RSEA,5,5,S,C,,9336179056939
12980,,,,WP,WJOZ,Blue Rapta Heavy Duty Lobby Dustpan Broom Set,EACH,TILBURY,1,1,S,A,,0794712144700
13000,,,,RS,RBSA,Star Picket Caps Yellow MCY USE 730500,EACH,SUREGUARD,193,193,S,T,,9312261123253
1310017_BLCK000S,,,,WW,CMJO,Chinook Jacket Black Small,EACH,CAT,0,0,S,C,U,882600690535
135034,,,,WP,WCWZ,RSEA Asbestos Bags Printed Bags 600x900 HDAR600x900,EACH,RSEA,67,67,S,A,,9336179006026
135100,,,,WP,WTSZ,ROLPAC RSEA Yellow/Black 3kg Satchel Individual,EACH,ROLLSPACK,500,500,S,A,,
135101,,,,WP,WTSZ,ROLPAC RSEA Yellow/Black 5kg Satchel Individual,EACH,ROLLSPACK,250,250,S,A,,
135102,,,,WP,WTSZ,ROLPAC RSEA Yellow/Black 7kg Satchel Individual,EACH,ROLLSPACK,250,250,S,A,,
136964,,,,WW,FMAL,Steel Blue Laces Nylon Black 160cm A-000066,EACH,STEELBLUE,4,4,S,A,,9333103210139
137316,,,,WW,FMAL,Steel Blue Replacement Laces Purple 140cm A-000152,EACH,STEELBLUE,0,0,S,A,,9333103045571
137405,,,,WW,CMAS,Steel Blue Socks Black Size 6-10 A-00076,EACH,STEELBLUE,0,0,S,A,,9333103216599
137406,,,,WW,FMAL,Steel Blue Laces Purple 100cm A-000068,EACH,STEELBLUE,0,0,S,O,,9333103210177
137412,,,,WW,FMAL,Steel Blue Laces Pink 140cm A-000151,EACH,STEELBLUE,85,85,S,A,,9333103045564
1381609,,,,WP,WJJZ,Coleman Brands Jug 5.5L Xtreme Blue 1517923,EACH,COLEMANS,2,2,S,T,,76501394504
140050,,,,RS,RBHP,Chain (OS) Plastic Chain Yellow/Black 8mm sold per meter,EACH,RSEA,34,34,S,C,,9336179041027
140051,,,,RS,RBHP,Chain (OS) Plastic Chain Red/White 8mm sold per meter,EACH,RSEA,0,0,S,C,,9336179041034
140053,,,,RS,RBHP,Chain (OS) Plastic Chain Yellow 8mm sold per meter,EACH,RSEA,50,50,S,C,,9336179041058
145078,,,,PP,PESX,Bolle Drawstring Pouch Black 3209927,EACH,BOLLE,5,5,S,A,,
145146,,,,PP,PESX,Bolle Glasses Case Semi Hard 3111408,EACH,BOLLE,2,2,S,A,,9318330047406
145199,,,,PP,PESW,Bolle Glasses Safety Tracker2 Weld Shade 3 Matt Blk 1652016,EACH,BOLLE,4,4,S,A,,
145205,,,,PP,PESW,Bolle Glasses Safety Tracker2 Weld Shade 5 Matt Blk 1652017,EACH,BOLLE,8,8,S,A,,9318330002542
145652,,,,WP,WJDM,Bolle Cleaning Solutions B412 1651412,EACH,BOLLE,0,0,S,A,,
145653,,,,WP,WJDM,Bolle B-Clean Dispenser w/ 100 Lens Wipes - 1651100,BOX,BOLLE,1,1,S,A,,
150028,,,,WP,WAKP,TANDEM (ISGM) Brady First Aid Kit National 877776,EACH,TRAFALGAR,7,7,S,A,,9321840154342
150043,,,,PP,PESX,Uvex Safety Australia Spectacle Uvex 1-5 HC/AF Adjustable Arms OSFM Clear,EACH,UVEX,0,0,S,T,,
150044,,,,PP,PESX,Uvex Safety Australia Spectacle Uvex 1-5 HC/AF Adjustable Arms OSFM Grey,EACH,UVEX,0,0,S,A,,
1510034_BLCK000L,,,,WW,CMEZ,Tee L/S Cat Trademark Banner Black Large,EACH,CAT,0,0,S,C,U,602173694620
1510034_BLCK000M,,,,WW,CMEZ,Tee L/S Cat Trademark Banner Black Medium,EACH,CAT,0,0,S,C,U,602173694613
1510034_BLCK000S,,,,WW,CMEZ,Tee L/S Cat Trademark Banner Black Small,EACH,CAT,0,0,S,C,U,602173694606
1510034_BLCK00XL,,,,WW,CMEZ,Tee L/S Cat Trademark Banner Black XL,EACH,CAT,0,0,S,C,U,602173694637
1510034_BLCK02XL,,,,WW,CMEZ,Tee L/S Cat Trademark Banner Black 2XL,EACH,CAT,0,0,S,C,U,602173694644
1510034_BLCK03XL,,,,WW,CMEZ,Tee L/S Cat Trademark Banner Black 3XL,EACH,CAT,0,0,S,C,U,602173694651
1510034_HEGR000L,,,,WW,CMEZ,Tee L/S Cat Trademark Banner Heather Grey Large,EACH,CAT,0,0,S,C,U,882600700609
1510034_HEGR000M,,,,WW,CMEZ,Tee L/S Cat Trademark Banner Heather Grey Medium,EACH,CAT,0,0,S,C,U,882600700593
1510034_HEGR000S,,,,WW,CMEZ,Tee L/S Cat Trademark Banner Heather Grey Small,EACH,CAT,0,0,S,C,U,882600700586
1510034_HEGR00XL,,,,WW,CMEZ,Tee L/S Cat Trademark Banner Heather Grey XL,EACH,CAT,0,0,S,C,U,882600700616
1510034_HEGR02XL,,,,WW,CMEZ,Tee L/S Cat Trademark Banner Heather Grey 2XL,EACH,CAT,0,0,S,C,U,882600700623
1510034_HEGR03XL,,,,WW,CMEZ,Tee L/S Cat Trademark Banner Heather Grey 3XL,EACH,CAT,0,0,S,C,U,882600700630
1510408_HIYE000L,,,,WW,CMEZ,ICON Block S/S Tee HiVis Yellow Large,EACH,CAT,0,0,S,C,U,887033755615
1510408_HIYE000M,,,,WW,CMEZ,ICON Block S/S Tee HiVis Yellow Medium,EACH,CAT,0,0,S,C,U,887033755608
1510408_HIYE000S,,,,WW,CMEZ,ICON Block S/S Tee HiVis Yellow Small,EACH,CAT,0,0,S,C,U,887033755592
1510408_HIYE00XL,,,,WW,CMEZ,ICON Block S/S Tee HiVis Yellow XL,EACH,CAT,0,0,S,C,U,887033755622
1510408_HIYE02XL,,,,WW,CMEZ,ICON Block S/S Tee HiVis Yellow 2XL,EACH,CAT,0,0,S,C,U,887033755639
1510408_HIYE03XL,,,,WW,CMEZ,ICON Block S/S Tee HiVis Yellow 3XL,EACH,CAT,0,0,S,C,U,887033755646
1510408_HVOR000L,,,,WW,CMEZ,ICON Block S/S Tee Hi Vis Orange Large,EACH,CAT,0,0,S,C,U,887033765065
1510408_HVOR000M,,,,WW,CMEZ,ICON Block S/S Tee Hi Vis Orange Medium,EACH,CAT,0,0,S,C,U,887033765058
1510408_HVOR000S,,,,WW,CMEZ,ICON Block S/S Tee Hi Vis Orange Small,EACH,CAT,0,0,S,C,U,887033765041
1510408_HVOR00XL,,,,WW,CMEZ,ICON Block S/S Tee Hi Vis Orange XL,EACH,CAT,0,0,S,C,U,887033765072
1510408_HVOR02XL,,,,WW,CMEZ,ICON Block S/S Tee Hi Vis Orange 2XL,EACH,CAT,0,0,S,C,U,887033765089
1510408_HVOR03XL,,,,WW,CMEZ,ICON Block S/S Tee Hi Vis Orange 3XL,EACH,CAT,0,0,S,C,U,887033765096
1510451_BLCK000L,,,,WW,CMEZ,Diesel Power Tee Black Large,EACH,CAT,0,0,S,C,U,882600745709
1510451_BLCK000M,,,,WW,CMEZ,Diesel Power Tee Black Medium,EACH,CAT,0,0,S,C,U,882600745693
1510451_BLCK000S,,,,WW,CMEZ,Diesel Power Tee Black Small,EACH,CAT,0,0,S,C,U,887033822225
1510451_BLCK00XL,,,,WW,CMEZ,Diesel Power Tee Black XL,EACH,CAT,0,0,S,C,U,882600745716
1510451_BLCK02XL,,,,WW,CMEZ,Diesel Power Tee Black 2XL,EACH,CAT,0,0,S,C,U,882600745723
1510451_BLCK03XL,,,,WW,CMEZ,Diesel Power Tee Black 3XL,EACH,CAT,0,0,S,C,U,887033822232
160000,,,,WP,WTAH,Floormarking Tape Tape Floormarking Black/Yellow 48mm x 33m,EACH,RSEA,15,15,S,A,,9336179012645
160001,,,,WP,WTAH,Floormarking Tape Tape Floormarking Black/Yellow 75mm x 33m,EACH,RSEA,6,6,S,A,,9336179012652
160006,,,,WP,WTAG,Floormarking Tape Tape Floormarking Yellow 48mm x 33m,EACH,BUDGETPACK,12,12,S,A,,
160007,,,,WP,WTAH,Floormarking Tape Tape Floormarking Red/White 48mm x 33m,EACH,RSEA,6,6,S,A,,9336179012669
160008,,,,WP,WTAH,Floormarking Tape Tape Floormarking Red/White 75mm x 33m,EACH,RSEA,10,10,S,A,,9336179012676
160023,,,,WP,WTSG,Tape Anti Slip Tape Anti Slip Yellow 50mm x 5m,EACH,RSEA,7,7,S,A,,
160028,,,,WP,WTSG,Tape Anti Slip (OS) - ASTY75 Tape Anti Slip Yellow 5mx75mm (Oil Glue) VH-27G,EACH,RSEA,5,5,S,A,,9336179013260
160037,,,,WP,WTSG,Tape Anti-Slip Tape Anti Slip Black 50mm x 4.5m,EACH,RSEA,4,4,S,A,,9336179013246
160038,,,,WP,WTSG,Tape Anti-Slip (OS) - ASTB75 Tape Anti Slip Black 5x75mm (Oli Glue) VH-27G,EACH,RSEA,2,2,S,A,,9336179013277
164045,,,,WW,CMAO,Steel Blue Replace Laces Lilac/Sand 140cm A-000153,EACH,STEELBLUE,55,55,S,A,,9333103047599
165047,,,,WP,WJHZ,Domestos Disinfectant Orginial 5 Litre,EACH,CAMMAC,0,0,S,O,,
165212,,,,WP,WJOZ,Blue Rapta Trade Broom Poly Medium 450mm Yel/Blk TCL101,EACH,TILBURY,1,1,S,A,,9351374001430
165213,,,,WP,WJOZ,Blue Rapta Trade Broom Poly Medium 600mm Yel/Blk TCL102,EACH,TILBURY,3,3,S,A,,9351374001447
165214,,,,WP,WJOZ,Blue Rapta Trade Broom Poly Soft 450mm Blue/Blk TCL103,EACH,TILBURY,6,6,S,A,,9351374001454
165215,,,,WP,WJOZ,Blue Rapta Timber Yard Broom 350mm TCL104,EACH,TILBURY,8,8,S,A,,9351374001461
165216,,,,WP,WJWZ,Blue Rapta Squeegee 350mm TCL201,EACH,TILBURY,6,6,S,A,,9351374001478
165217,,,,WP,WJWZ,Blue Rapta Squeegee 450mm TCL202,EACH,TILBURY,9,9,S,A,,9351374001485
165218,,,,WP,WJOZ,Blue Rapta Standard Contractor Mop TCL105,EACH,TILBURY,10,10,S,A,,9351374001492
165219,,,,WP,WJOZ,Blue Rapta Sponge Mop TCL106,EACH,TILBURY,9,9,S,A,,9351374001508
165220,,,,WP,WJBZ,Blue Rapta Squeegee Bucket 24L Black TCL301,EACH,TILBURY,0,0,S,A,,9351374001515
165221,,,,WP,WJBZ,Blue Rapta Heavy Duty Mop Bucket Poly Roller 16L Yellow TCL302,EACH,TILBURY,1,1,S,A,,9351374001522
165222,,,,WP,WJWZ,Blue Rapta Large Sponge Yellow TCL401,EACH,TILBURY,15,15,S,A,,9351374001539
165223,,,,WP,WJWZ,Blue Rapta Scourer 5pk Green TCL402,EACH,TILBURY,22,22,S,A,,9351374001546
165224,,,,WP,WJOZ,Blue Rapta Heavy Duty Dustpan and Broom Blk/Blk TCL107,EACH,TILBURY,0,0,S,A,,9351374001553
165225,,,,PP,PAMH,Blue Rapta Earmuff Headband Class 5 EM-5003- 29.2dB,EACH,BLUERAPTA,23,23,S,A,,9336179172530
165226,,,,PP,PAMO,Blue Rapta Earmuff Folding  32dB Class5 EM-5002B,EACH,BLUERAPTA,22,22,S,A,,9336179172547
165227,,,,WP,WJOZ,Blue Rapta Replacement Sponge Mop Head - 48 in Carton,EACH,TILBURY,8,8,S,A,,
165228,,,,PP,PAMH,Blue Rapta Headband Earmuff Class 5 32dB,EACH,BLUERAPTA,8,8,S,A,,9336179207454
165229,,,,PP,PAMC,Blue Rapta Cap Attach Earmuff Class 5 28dB,EACH,BLUERAPTA,13,13,S,A,,9336179207461
1808T___NAVY112R,,,,WW,CMTC,Pant Cargo FR Tape PPE2 Navy 112 Regular,EACH,WORKIT,0,0,S,A,U,9344239031376
1810004_BLCK028R,,,,WW,CMTO,Pant Machine Black 028R,EACH,CAT,0,0,S,C,U,887033391820
1810004_BLCK030R,,,,WW,CMTO,Pant Machine Black 030R,EACH,CAT,0,0,S,C,U,887033391837
1810004_BLCK032R,,,,WW,CMTO,Pant Machine Black 032R,EACH,CAT,0,0,S,C,U,887033391844
1810004_BLCK034R,,,,WW,CMTO,Pant Machine Black 034R,EACH,CAT,0,0,S,C,U,887033391851
1810004_BLCK036R,,,,WW,CMTO,Pant Machine Black 036R,EACH,CAT,0,0,S,C,U,887033391868
1810004_BLCK038R,,,,WW,CMTO,Pant Machine Black 038R,EACH,CAT,0,0,S,C,U,887033391875
1810004_BLCK040R,,,,WW,CMTO,Pant Machine Black 040R,EACH,CAT,0,0,S,C,U,887033391882
1810004_BLCK042R,,,,WW,CMTO,Pant Machine Black 042R,EACH,CAT,0,0,S,C,U,887033391899
1810004_BLCK044R,,,,WW,CMTO,Pant Machine Black 044R,EACH,CAT,0,0,S,C,U,887033391905
1810004_NAVY028R,,,,WW,CMTO,Pant Machine Navy 028R,EACH,CAT,0,0,S,C,U,887033391912
1810004_NAVY030R,,,,WW,CMTO,Pant Machine Navy 030R,EACH,CAT,0,0,S,C,U,887033391929
1810004_NAVY032R,,,,WW,CMTO,Pant Machine Navy 032R,EACH,CAT,0,0,S,C,U,887033391936
1810004_NAVY034R,,,,WW,CMTO,Pant Machine Navy 034R,EACH,CAT,0,0,S,C,U,887033391943
1810004_NAVY036R,,,,WW,CMTO,Pant Machine Navy 036R,EACH,CAT,0,0,S,C,U,887033391950
1810004_NAVY038R,,,,WW,CMTO,Pant Machine Navy 038R,EACH,CAT,0,0,S,C,U,887033391967
1810004_NAVY040R,,,,WW,CMTO,Pant Machine Navy 040R,EACH,CAT,0,0,S,C,U,887033391974
1810004_NAVY042R,,,,WW,CMTO,Pant Machine Navy 042R,EACH,CAT,0,0,S,C,U,887033391981
1810004_NAVY044R,,,,WW,CMTO,Pant Machine Navy 044R,EACH,CAT,0,0,S,C,U,887033391998
1810020_KHKI042R,,,,WW,CMTO,Pant Diesel CAT Khaki 042R,EACH,CAT,0,0,S,A,U,887033514878
1810032_BLCK028R,,,,WW,CMTO,Pant Dynamic Slim Fit Black 028R,EACH,CAT,0,0,S,C,U,887033558247
1810032_BLCK030R,,,,WW,CMTO,Pant Dynamic Slim Fit Black 030R,EACH,CAT,0,0,S,C,U,887033558254
1810032_BLCK032R,,,,WW,CMTO,Pant Dynamic Slim Fit Black 032R,EACH,CAT,0,0,S,C,U,887033558261
1810032_BLCK034R,,,,WW,CMTO,Pant Dynamic Slim Fit Black 034R,EACH,CAT,0,0,S,C,U,887033558278
1810032_BLCK036R,,,,WW,CMTO,Pant Dynamic Slim Fit Black 036R,EACH,CAT,0,0,S,C,U,887033558285
1810032_BLCK038R,,,,WW,CMTO,Pant Dynamic Slim Fit Black 038R,EACH,CAT,0,0,S,C,U,887033558292
1810032_BLCK040R,,,,WW,CMTO,Pant Dynamic Slim Fit Black 040R,EACH,CAT,0,0,S,C,U,887033558308
1810032_BLCK042R,,,,WW,CMTO,Pant Dynamic Slim Fit Black 042R,EACH,CAT,0,0,S,C,U,887033558315
1810032_BLCK044R,,,,WW,CMTO,Pant Dynamic Slim Fit Black 044R,EACH,CAT,0,0,S,C,U,887033558322
1810032_KHKI028R,,,,WW,CMTO,Pant Dynamic Slim Fit Khaki 028R,EACH,CAT,0,0,S,C,U,887033558421
1810032_KHKI030R,,,,WW,CMTO,Pant Dynamic Slim Fit Khaki 030R,EACH,CAT,0,0,S,C,U,887033558438
1810032_KHKI032R,,,,WW,CMTO,Pant Dynamic Slim Fit Khaki 032R,EACH,CAT,0,0,S,C,U,887033558445
1810032_KHKI034R,,,,WW,CMTO,Pant Dynamic Slim Fit Khaki 034R,EACH,CAT,0,0,S,C,U,887033558452
1810032_KHKI036R,,,,WW,CMTO,Pant Dynamic Slim Fit Khaki 036R,EACH,CAT,0,0,S,C,U,887033558469
1810032_KHKI038R,,,,WW,CMTO,Pant Dynamic Slim Fit Khaki 038R,EACH,CAT,0,0,S,C,U,887033558476
1810032_KHKI040R,,,,WW,CMTO,Pant Dynamic Slim Fit Khaki 040R,EACH,CAT,0,0,S,C,U,887033558483
1810032_KHKI042R,,,,WW,CMTO,Pant Dynamic Slim Fit Khaki 042R,EACH,CAT,0,0,S,C,U,887033558490
1810032_KHKI044R,,,,WW,CMTO,Pant Dynamic Slim Fit Khaki 044R,EACH,CAT,0,0,S,C,U,887033558506
1810032_NAVY028R,,,,WW,CMTO,Pant Dynamic Slim Fit Navy 028R,EACH,CAT,0,0,S,C,U,887033558339
1810032_NAVY030R,,,,WW,CMTO,Pant Dynamic Slim Fit Navy 030R,EACH,CAT,0,0,S,C,U,887033558346
1810032_NAVY032R,,,,WW,CMTO,Pant Dynamic Slim Fit Navy 032R,EACH,CAT,0,0,S,C,U,887033558353
1810032_NAVY034R,,,,WW,CMTO,Pant Dynamic Slim Fit Navy 034R,EACH,CAT,0,0,S,C,U,887033558360
1810032_NAVY036R,,,,WW,CMTO,Pant Dynamic Slim Fit Navy 036R,EACH,CAT,0,0,S,C,U,887033558377
1810032_NAVY038R,,,,WW,CMTO,Pant Dynamic Slim Fit Navy 038R,EACH,CAT,0,0,S,C,U,887033558384
1810032_NAVY040R,,,,WW,CMTO,Pant Dynamic Slim Fit Navy 040R,EACH,CAT,0,0,S,C,U,887033558391
1810032_NAVY042R,,,,WW,CMTO,Pant Dynamic Slim Fit Navy 042R,EACH,CAT,0,0,S,C,U,887033558407
1810032_NAVY044R,,,,WW,CMTO,Pant Dynamic Slim Fit Navy 044R,EACH,CAT,0,0,S,C,U,887033558414
1810067_BLCK000L,,,,WW,CLTZ,Women's Work Stretch Legging Black Large,EACH,CAT,0,0,S,C,U,882600751236
1810067_BLCK000M,,,,WW,CLTZ,Women's Work Stretch Legging Black Medium,EACH,CAT,0,0,S,C,U,882600751229
1810067_BLCK000S,,,,WW,CLTZ,Women's Work Stretch Legging Black Small,EACH,CAT,0,0,S,C,U,882600751212
1810067_BLCK00XL,,,,WW,CLTZ,Women's Work Stretch Legging Black XL,EACH,CAT,0,0,S,C,U,882600751243
1810067_BLCK00XS,,,,WW,CLTZ,Women's Work Stretch Legging Black XS,EACH,CAT,0,0,S,C,U,882600751205
1810067_BLCK02XL,,,,WW,CLTZ,Women's Work Stretch Legging Black 2XL,EACH,CAT,0,0,S,C,U,882600751250
1810067_NAVY000L,,,,WW,CLTZ,Women's Work Stretch Legging Navy Large,EACH,CAT,0,0,S,C,U,882600787297
1810067_NAVY000M,,,,WW,CLTZ,Women's Work Stretch Legging Navy Medium,EACH,CAT,0,0,S,C,U,
1810067_NAVY000S,,,,WW,CLTZ,Women's Work Stretch Legging Navy Small,EACH,CAT,0,0,S,C,U,
1810067_NAVY00XL,,,,WW,CLTZ,Women's Work Stretch Legging Navy XL,EACH,CAT,0,0,S,C,U,
1810067_NAVY00XS,,,,WW,CLTZ,Women's Work Stretch Legging Navy XS,EACH,CAT,0,0,S,C,U,
1810067_NAVY02XL,,,,WW,CLTZ,Women's Work Stretch Legging Navy 2XL,EACH,CAT,0,0,S,C,U,
1810075_BLCK0028,,,,WW,CMTO,Elite Operator Pant Black 28,EACH,CAT,0,0,S,C,U,887033939497
1810075_BLCK0030,,,,WW,CMTO,Elite Operator Pant Black 30,EACH,CAT,0,0,S,C,U,887033939503
1810075_BLCK0032,,,,WW,CMTO,Elite Operator Pant Black 32,EACH,CAT,0,0,S,C,U,887033939510
1810075_BLCK0034,,,,WW,CMTO,Elite Operator Pant Black 34,EACH,CAT,0,0,S,C,U,887033939527
1810075_BLCK0036,,,,WW,CMTO,Elite Operator Pant Black 36,EACH,CAT,0,0,S,C,U,887033939534
1810075_BLCK0038,,,,WW,CMTO,Elite Operator Pant Black 38,EACH,CAT,0,0,S,C,U,887033939541
1810075_BLCK0040,,,,WW,CMTO,Elite Operator Pant Black 40,EACH,CAT,0,0,S,C,U,887033939558
1810075_BLCK0042,,,,WW,CMTO,Elite Operator Pant Black 42,EACH,CAT,0,0,S,C,U,887033939565
1810075_BLCK0044,,,,WW,CMTO,Elite Operator Pant Black 44,EACH,CAT,0,0,S,C,U,887033939572
1810075_KHKI0028,,,,WW,CMTO,Elite Operator Pant Khaki 28,EACH,CAT,0,0,S,C,U,887033939589
1810075_KHKI0030,,,,WW,CMTO,Elite Operator Pant Khaki 30,EACH,CAT,0,0,S,C,U,887033939596
1810075_KHKI0032,,,,WW,CMTO,Elite Operator Pant Khaki 32,EACH,CAT,0,0,S,C,U,887033939602
1810075_KHKI0034,,,,WW,CMTO,Elite Operator Pant Khaki 34,EACH,CAT,0,0,S,C,U,887033939619
1810075_KHKI0036,,,,WW,CMTO,Elite Operator Pant Khaki 36,EACH,CAT,0,0,S,C,U,887033939626
1810075_KHKI0038,,,,WW,CMTO,Elite Operator Pant Khaki 38,EACH,CAT,0,0,S,C,U,887033939633
1810075_KHKI0040,,,,WW,CMTO,Elite Operator Pant Khaki 40,EACH,CAT,0,0,S,C,U,887033939640
1810075_KHKI0042,,,,WW,CMTO,Elite Operator Pant Khaki 42,EACH,CAT,0,0,S,C,U,887033939657
1810075_KHKI0044,,,,WW,CMTO,Elite Operator Pant Khaki 44,EACH,CAT,0,0,S,C,U,887033939664
1810075_NAVY0028,,,,WW,CMTO,Elite Operator Pant Navy 28,EACH,CAT,0,0,S,C,U,887033939671
1810075_NAVY0030,,,,WW,CMTO,Elite Operator Pant Navy 30,EACH,CAT,0,0,S,C,U,887033939688
1810075_NAVY0032,,,,WW,CMTO,Elite Operator Pant Navy 32,EACH,CAT,0,0,S,C,U,887033939695
1810075_NAVY0034,,,,WW,CMTO,Elite Operator Pant Navy 34,EACH,CAT,0,0,S,C,U,887033939701
1810075_NAVY0036,,,,WW,CMTO,Elite Operator Pant Navy 36,EACH,CAT,0,0,S,C,U,887033939718
1810075_NAVY0038,,,,WW,CMTO,Elite Operator Pant Navy 38,EACH,CAT,0,0,S,C,U,887033939725
1810075_NAVY0040,,,,WW,CMTO,Elite Operator Pant Navy 40,EACH,CAT,0,0,S,C,U,887033939732
1810075_NAVY0042,,,,WW,CMTO,Elite Operator Pant Navy 42,EACH,CAT,0,0,S,C,U,887033939749
1810075_NAVY0044,,,,WW,CMTO,Elite Operator Pant Navy 44,EACH,CAT,0,0,S,C,U,887033939756
1820003_BLCK038R,,,,WW,CMLO,Short Diesel Drop Crotch Black 038R,EACH,CAT,0,0,S,C,U,0887033437313
1820009_BLCK0028,,,,WW,CMLO,Cat Diesel Short Black 28,EACH,CAT,0,0,S,C,U,887033558650
1820009_BLCK0030,,,,WW,CMLO,Cat Diesel Short Black 30,EACH,CAT,0,0,S,C,U,887033558667
1820009_BLCK0032,,,,WW,CMLO,Cat Diesel Short Black 32,EACH,CAT,0,0,S,C,U,887033558674
1820009_BLCK0034,,,,WW,CMLO,Cat Diesel Short Black 34,EACH,CAT,0,0,S,C,U,887033558681
1820009_BLCK0036,,,,WW,CMLO,Cat Diesel Short Black 36,EACH,CAT,0,0,S,C,U,887033558698
1820009_BLCK0038,,,,WW,CMLO,Cat Diesel Short Black 38,EACH,CAT,0,0,S,C,U,887033558704
1820009_BLCK0040,,,,WW,CMLO,Cat Diesel Short Black 40,EACH,CAT,0,0,S,C,U,887033558711
1820009_BLCK0042,,,,WW,CMLO,Cat Diesel Short Black 42,EACH,CAT,0,0,S,C,U,887033558728
1820009_BLCK0044,,,,WW,CMLO,Cat Diesel Short Black 44,EACH,CAT,0,0,S,C,U,887033558735
1820009_KHKI0028,,,,WW,CMLO,Cat Diesel Short Khaki 28,EACH,CAT,0,0,S,C,U,887033558834
1820009_KHKI0030,,,,WW,CMLO,Cat Diesel Short Khaki 30,EACH,CAT,0,0,S,C,U,887033558841
1820009_KHKI0032,,,,WW,CMLO,Cat Diesel Short Khaki 32,EACH,CAT,0,0,S,C,U,887033558858
1820009_KHKI0034,,,,WW,CMLO,Cat Diesel Short Khaki 34,EACH,CAT,0,0,S,C,U,887033558865
1820009_KHKI0036,,,,WW,CMLO,Cat Diesel Short Khaki 36,EACH,CAT,0,0,S,C,U,887033558872
1820009_KHKI0038,,,,WW,CMLO,Cat Diesel Short Khaki 38,EACH,CAT,0,0,S,C,U,887033558889
1820009_KHKI0040,,,,WW,CMLO,Cat Diesel Short Khaki 40,EACH,CAT,0,0,S,C,U,887033558896
1820009_KHKI0042,,,,WW,CMLO,Cat Diesel Short Khaki 42,EACH,CAT,0,0,S,C,U,887033558902
1820009_KHKI0044,,,,WW,CMLO,Cat Diesel Short Khaki 44,EACH,CAT,0,0,S,C,U,887033558919
1820009_NAVY0028,,,,WW,CMLO,Cat Diesel Short Navy 28,EACH,CAT,0,0,S,C,U,887033558742
1820009_NAVY0030,,,,WW,CMLO,Cat Diesel Short Navy 30,EACH,CAT,0,0,S,C,U,887033558759
1820009_NAVY0032,,,,WW,CMLO,Cat Diesel Short Navy 32,EACH,CAT,0,0,S,C,U,887033558766
1820009_NAVY0034,,,,WW,CMLO,Cat Diesel Short Navy 34,EACH,CAT,0,0,S,C,U,887033558773
1820009_NAVY0036,,,,WW,CMLO,Cat Diesel Short Navy 36,EACH,CAT,0,0,S,C,U,887033558780
1820009_NAVY0038,,,,WW,CMLO,Cat Diesel Short Navy 38,EACH,CAT,0,0,S,C,U,887033558797
1820009_NAVY0040,,,,WW,CMLO,Cat Diesel Short Navy 40,EACH,CAT,0,0,S,C,U,887033558803
1820009_NAVY0042,,,,WW,CMLO,Cat Diesel Short Navy 42,EACH,CAT,0,0,S,C,U,887033558810
1820028_BLCK0028,,,,WW,CMLO,Elite Operator Short Black 28,EACH,CAT,0,0,S,C,U,887033939763
1820028_BLCK0030,,,,WW,CMLO,Elite Operator Short Black 30,EACH,CAT,0,0,S,C,U,887033939770
1820028_BLCK0032,,,,WW,CMLO,Elite Operator Short Black 32,EACH,CAT,0,0,S,C,U,887033939787
1820028_BLCK0034,,,,WW,CMLO,Elite Operator Short Black 34,EACH,CAT,0,0,S,C,U,887033939794
1820028_BLCK0036,,,,WW,CMLO,Elite Operator Short Black 36,EACH,CAT,0,0,S,C,U,887033939800
1820028_BLCK0038,,,,WW,CMLO,Elite Operator Short Black 38,EACH,CAT,0,0,S,C,U,887033939817
1820028_BLCK0040,,,,WW,CMLO,Elite Operator Short Black 40,EACH,CAT,0,0,S,C,U,887033939824
1820028_BLCK0042,,,,WW,CMLO,Elite Operator Short Black 42,EACH,CAT,0,0,S,C,U,887033939831
1820028_BLCK0044,,,,WW,CMLO,Elite Operator Short Black 44,EACH,CAT,0,0,S,C,U,887033939848
1820028_KHKI0028,,,,WW,CMLO,Elite Operator Short Khaki 28,EACH,CAT,0,0,S,C,U,887033939855
1820028_KHKI0030,,,,WW,CMLO,Elite Operator Short Khaki 30,EACH,CAT,0,0,S,C,U,887033939862
1820028_KHKI0032,,,,WW,CMLO,Elite Operator Short Khaki 32,EACH,CAT,0,0,S,C,U,887033939879
1820028_KHKI0034,,,,WW,CMLO,Elite Operator Short Khaki 34,EACH,CAT,0,0,S,C,U,887033939886
1820028_KHKI0036,,,,WW,CMLO,Elite Operator Short Khaki 36,EACH,CAT,0,0,S,C,U,887033939893
1820028_KHKI0038,,,,WW,CMLO,Elite Operator Short Khaki 38,EACH,CAT,0,0,S,C,U,887033939909
1820028_KHKI0040,,,,WW,CMLO,Elite Operator Short Khaki 40,EACH,CAT,0,0,S,C,U,887033939916
1820028_KHKI0042,,,,WW,CMLO,Elite Operator Short Khaki 42,EACH,CAT,0,0,S,C,U,887033939923
1820028_KHKI0044,,,,WW,CMLO,Elite Operator Short Khaki 44,EACH,CAT,0,0,S,C,U,887033939930
1820028_NAVY0028,,,,WW,CMLO,Elite Operator Short Navy 28,EACH,CAT,0,0,S,C,U,887033939947
1820028_NAVY0030,,,,WW,CMLO,Elite Operator Short Navy 30,EACH,CAT,0,0,S,C,U,887033939954
1820028_NAVY0032,,,,WW,CMLO,Elite Operator Short Navy 32,EACH,CAT,0,0,S,C,U,887033939961
1820028_NAVY0034,,,,WW,CMLO,Elite Operator Short Navy 34,EACH,CAT,0,0,S,C,U,887033939978
1820028_NAVY0036,,,,WW,CMLO,Elite Operator Short Navy 36,EACH,CAT,0,0,S,C,U,887033939985
1820028_NAVY0038,,,,WW,CMLO,Elite Operator Short Navy 38,EACH,CAT,0,0,S,C,U,887033939992
1820028_NAVY0040,,,,WW,CMLO,Elite Operator Short Navy 40,EACH,CAT,0,0,S,C,U,887033940004
1820028_NAVY0042,,,,WW,CMLO,Elite Operator Short Navy 42,EACH,CAT,0,0,S,C,U,887033940011
1820028_NAVY0044,,,,WW,CMLO,Elite Operator Short Navy 44,EACH,CAT,0,0,S,C,U,887033940028
1910070_YEGY000L,,,,WW,CMUO,Jumper Hoodie Hi Vis Yellow Grey Large,EACH,CAT,0,0,S,C,U,0887033514359
1910070_YEGY00XL,,,,WW,CMUO,Jumper Hoodie Hi Vis Yellow Grey XL,EACH,CAT,0,0,S,C,U,0887033514366
1910093_ORGY000L,,,,WW,CMUO,HiVis Full Zip Hoodie Orange Grey Large,EACH,CAT,0,0,S,C,U,887033595679
1910093_ORGY000M,,,,WW,CMUO,HiVis Full Zip Hoodie Orange Grey Medium,EACH,CAT,0,0,S,C,U,887033595662
1910093_ORGY000S,,,,WW,CMUO,HiVis Full Zip Hoodie Orange Grey Small,EACH,CAT,0,0,S,C,U,887033595655
1910093_ORGY00XL,,,,WW,CMUO,HiVis Full Zip Hoodie Orange Grey XL,EACH,CAT,0,0,S,C,U,887033595686
1910093_ORGY02XL,,,,WW,CMUO,HiVis Full Zip Hoodie Orange Grey 2XL,EACH,CAT,0,0,S,C,U,887033595693
1910093_ORGY03XL,,,,WW,CMUO,HiVis Full Zip Hoodie Orange Grey 3XL,EACH,CAT,0,0,S,C,U,887033595709
1910093_YEGY000L,,,,WW,CMUO,HiVis Full Zip Hoodie Yellow Grey Large,EACH,CAT,0,0,S,C,U,887033595730
1910093_YEGY000M,,,,WW,CMUO,HiVis Full Zip Hoodie Yellow Grey Medium,EACH,CAT,0,0,S,C,U,887033595723
1910093_YEGY000S,,,,WW,CMUO,HiVis Full Zip Hoodie Yellow Grey Small,EACH,CAT,0,0,S,C,U,887033595716
1910093_YEGY00XL,,,,WW,CMUO,HiVis Full Zip Hoodie Yellow Grey XL,EACH,CAT,0,0,S,C,U,887033595747
1910093_YEGY02XL,,,,WW,CMUO,HiVis Full Zip Hoodie Yellow Grey 2XL,EACH,CAT,0,0,S,C,U,887033595754
1910093_YEGY03XL,,,,WW,CMUO,HiVis Full Zip Hoodie Yellow Grey 3XL,EACH,CAT,0,0,S,C,U,887033595761
1910138_BLCK000L,,,,WW,CMJO,Thompson Hoodie Black Large,EACH,CAT,0,0,S,C,U,882600765035
1910138_BLCK000M,,,,WW,CMJO,Thompson Hoodie Black Medium,EACH,CAT,0,0,S,C,U,882600765028
1910138_BLCK000S,,,,WW,CMJO,Thompson Hoodie Black Small,EACH,CAT,0,0,S,C,U,882600765011
1910138_BLCK00XL,,,,WW,CMJO,Thompson Hoodie Black XL,EACH,CAT,0,0,S,C,U,882600765042
1910138_BLCK02XL,,,,WW,CMJO,Thompson Hoodie Black 2XL,EACH,CAT,0,0,S,C,U,882600765059
1910138_BLCK03XL,,,,WW,CMJO,Thompson Hoodie Black 3XL,EACH,CAT,0,0,S,C,U,882600765066
1910138_HEGR000L,,,,WW,CMJO,Thompson Hoodie Heather Grey Large,EACH,CAT,0,0,S,C,U,882600765110
1910138_HEGR000M,,,,WW,CMJO,Thompson Hoodie Heather Grey Medium,EACH,CAT,0,0,S,C,U,882600765103
1910138_HEGR000S,,,,WW,CMJO,Thompson Hoodie Heather Grey Small,EACH,CAT,0,0,S,C,U,882600765097
1910138_HEGR00XL,,,,WW,CMJO,Thompson Hoodie Heather Grey XL,EACH,CAT,0,0,S,C,U,882600765127
1910138_HEGR02XL,,,,WW,CMJO,Thompson Hoodie Heather Grey 2XL,EACH,CAT,0,0,S,C,U,882600765134
1910138_HEGR03XL,,,,WW,CMJO,Thompson Hoodie Heather Grey 3XL,EACH,CAT,0,0,S,C,U,882600765141
1910802_BLCK000L,,,,WW,CMUO,Jumper Hooded Sweat Logo Panel Black Large,EACH,CAT,0,0,S,C,U,887033227624
1910802_BLCK000M,,,,WW,CMUO,Jumper Hooded Sweat Logo Panel Black Medium,EACH,CAT,0,0,S,C,U,887033227617
1910802_BLCK000S,,,,WW,CMUO,Jumper Hooded Sweat Logo Panel Black Small,EACH,CAT,0,0,S,C,U,887033227600
1910802_BLCK00XL,,,,WW,CMUO,Jumper Hooded Sweat Logo Panel Black XL,EACH,CAT,0,0,S,C,U,887033227631
1910802_BLCK02XL,,,,WW,CMUO,Jumper Hooded Sweat Logo Panel Black 2XL,EACH,CAT,0,0,S,C,U,887033227648
1910802_BLCK03XL,,,,WW,CMUO,Jumper Hooded Sweat Logo Panel Black 3XL,EACH,CAT,0,0,S,C,U,887033227655
1910802_NAVY000L,,,,WW,CMUO,Jumper Hooded Sweat Logo Panel Navy Large,EACH,CAT,0,0,S,C,U,882600749226
1910802_NAVY000M,,,,WW,CMUO,Jumper Hooded Sweat Logo Panel Navy Medium,EACH,CAT,0,0,S,C,U,882600749219
1910802_NAVY000S,,,,WW,CMUO,Jumper Hooded Sweat Logo Panel Navy Small,EACH,CAT,0,0,S,C,U,887033823994
1910802_NAVY00XL,,,,WW,CMUO,Jumper Hooded Sweat Logo Panel Navy XL,EACH,CAT,0,0,S,C,U,882600749233
1910802_NAVY02XL,,,,WW,CMUO,Jumper Hooded Sweat Logo Panel Navy 2XL,EACH,CAT,0,0,S,C,U,882600749240
1910802_NAVY03XL,,,,WW,CMUO,Jumper Hooded Sweat Logo Panel Navy 3XL,EACH,CAT,0,0,S,C,U,882600749257
