Item Code,Division,Department,Category,Class,Group,Description,UOM,Brand,Total QOH,Total Avail.,Status,Condition,Issue Ctrl,Item GTIN,On Order,Avail. + On Order,PO In Transit,Total In Transit
1000173,,,,AM,AAEZ,Tuapeka Gold Print Retractable 3-in-1 Charging Cable,EACH,TUAGOL,0,0,S,A,,,0,0,0,0
1000180,,,,AM,AAEZ,Tupeka Gold Volt Charging Cable 120212,EACH,TUAGOL,0,0,S,A,,,0,0,0,0
1000606,,,,AM,AAMZ,Adapt A Lift Forklift Pre-Start Check List Book 48p Battery/Electric,EACH,ADALIF,0,0,S,A,,,0,0,0,0
1000607,,,,AM,AAMZ,Adapt A Lift Forklift Pre-Start Check List Book 48p Petrol/LPG/Diesel,EACH,ADALIF,0,0,S,A,,,0,0,0,0
10447594,,,,AM,AASZ,Uniform Safety Pty Ltd Forklift lane  Only No Pedestr 450 x 300,EACH,UNISAFE,0,0,S,A,,,0,0,0,0
10447595,,,,AM,AASZ,Uniform Safety Custom Sign 176635/1,EACH,UNISAFE,0,0,S,A,,,0,0,0,0
10447597,,,,AM,AASZ,Uniform Safety Stop No Entry Into Workshop St 837LM,EACH,UNISAFE,0,0,S,A,,,0,0,0,0
104559,,,,AM,AASZ,Tee Print & Embroidery HARD HAT STICKERS - WORLEY LAR WORLEY120x60,EACH,BANPRO,0,0,S,A,,,0,0,0,0
104560,,,,AM,AASZ,Tee Print & Embroidery HARD HAT STICKERS - WORLEY WORLEY 80x22,EACH,BANPRO,0,0,S,A,,,0,0,0,0
105058,,,,AM,AAMZ,Brady Australia Zip1195 Jan - Mar Red/White 175mm Eto Tags/Permits,EACH,BRADY,0,-1,S,A,,,1,-1,0,0
105059,,,,AM,AAMZ,Brady Australia Zip1196 Apr - Jun Green/White 175mm Eto Tags/Permits,EACH,BRADY,0,-1,S,A,,,1,-1,0,0
105060,,,,AM,AAMZ,Brady Australia Zip1197 Jul - Sep Blue/White 175mm Eto Tags/Permits,EACH,BRADY,0,-1,S,A,,,1,-1,0,0
105061,,,,AM,AAMZ,Brady Australia Zip1198 Oct - Dec Yellow/Blck 175mm Eto Tags/Permits,EACH,BRADY,0,-1,S,A,,,1,-1,0,0
105062,,,,AM,AAMZ,Brady Australia Zip1195 Jan - Mar Red/White 300mm Eto Tags/Permits,EACH,BRADY,0,0,S,A,,,0,0,0,0
105063,,,,AM,AAMZ,Brady Australia Zip1196 Apr - Jun Green/White 300mm Eto Tags/Permits,EACH,BRADY,0,0,S,A,,,0,0,0,0
105064,,,,AM,AAMZ,Brady Australia Zip1197 Jul - Sep Blue/White 300mm,EACH,BRADY,0,0,S,A,,,0,0,0,0
106005,,,,AM,AA4S,Opposite Lock Snatch Straps High Load Rated RGSSG 10m,EACH,OPPLOC,0,0,S,O,,,0,0,0,0
106006,,,,AM,AA4S,Opposite Lock Shackle 10 tonne rated 16x19 RGBS,EACH,OPPLOC,0,0,S,O,,,0,0,0,0
1065000,,,,AM,AALW,Spanset 50mm Winch Replacement Strap 9M 12-WC-C20-09WBP C20-09W,EACH,SPANSET,0,0,S,O,,,0,0,0,0
1065001,,,,AM,AALR,Spanset Tradesman Ratchet Assembly 6M LC 500kg D1TRADESMANBP,EACH,BLUERAPTA,6,6,S,A,,9315418000094,0,6,0,0
1065002,,,,AM,AALR,Spanset Weekender Ratchet Assembly B1-WEEKENDERBP,EACH,SPANSET,1,1,S,A,,9315418000070,0,1,0,0
1065003,,,,AM,AALW,Spanset Slide Truck Winch Strap 1820C20-09,EACH,SPANSET,0,0,S,O,,,0,0,0,0
1065004,,,,AM,AALB,***NLA *** Spanset Chain 8mm Grade 70 9m with Grab Hooks LB-08-9BP,EACH,SPANSET,0,0,S,O,,,0,0,0,0
1065006,,,,AM,AALB,Spanset Motorcycle Tie Down 1.6 m 2pk 1-AL-500 A2-BIKER-0x1.6,EACH,SPANSET,11,11,S,A,,9315418000063,0,11,0,0
1065007,,,,AM,AALR,Spanset B2 Endless Ratchet 25mm LC 700kg 4M B2 HOBBYBP,EACH,SPANSET,2,2,S,O,,9315418000087,0,2,0,0
1065008,,,,AM,AALR,Spanset Ratchet Assembly 50mm 2000kg 9M 1857C20-09BP,EACH,SPANSET,5,4,S,C,,9315418000315,1,4,0,0
1065010,,,,AM,AALW,***NLA***Spanset Clipon Truck Winch 9M Strap 1821C20-09,EACH,DRAEGER,0,0,S,O,,,0,0,0,0
1065012,,,,AM,AALC,Spanset **USE 1065006** Spanset Tiedowns Bike Yel Blk 250kg 25mmx1.6m Pk2  A2BIKER,EACH,SPANSET,0,0,S,O,,,0,0,0,0
1065013,,,,AM,AALW,***NLA *** Spanset Clip on Winch 1821,EACH,SPANSET,0,0,S,O,,,0,0,0,0
1065014,,,,AM,AALW,***NLA *** Spanset Slide on Winch 1820,EACH,SPANSET,0,0,S,O,,,0,0,0,0
1065015,,,,AM,AALB,***NLA *** Spanset Load Binder 8-10mm LB-08BP,EACH,SPANSET,0,0,S,O,,,0,0,0,0
1065018,,,,AM,AALR,Spanset Ratchet 50mm 01857-1RT-0x0-34,EACH,SPANSET,1,1,S,T,,,0,1,0,0
1065019,,,,AM,AALB,Spanset Flat Sling 4 Tonne 2 Metres B4000X2 B4000-0x2.0,EACH,SPANSET,0,0,S,O,,,0,0,0,0
1065020,,,,AM,AALB,Spanset Round Sling 4 Tonne x 2 Metres Grey E4000X2,EACH,SPANSET,0,0,S,A,,,0,0,0,0
1065025,,,,AM,AALB,***NLA *** Spanset Transport Chain 670 8mm 8-70G Per Metre 8-70G,EACH,SPANSET,0,0,S,O,,,0,0,0,0
1065026,,,,AM,AALB,***NLA *** Spanset Transport Chain 670 10mm Per Metre 10-70G-0,EACH,SPANSET,0,0,S,O,,,0,0,0,0
1065041,,,,AM,AALB,Spanset 4WD Recovery Strap 9 metre Blue RS9-B-0x-09,EACH,SPANSET,0,0,S,T,,9315418711501,0,0,0,0
1065050,,,,AM,AALB,Spanset Sling Flat Webbing 1.2M 2 Tonne B2000-1.2M,EACH,SPANSET,0,0,S,A,,,0,0,0,0
1065051,,,,AM,AALB,Spanset Sling Flat Webbing 2M 2 Tonne B2000-2M,EACH,SPANSET,0,0,S,A,,,0,0,0,0
1065052,,,,AM,AALB,Spanset Sling Round 2 tonne 2M E2000X2.0,EACH,BLUERAPTA,0,0,S,A,,,0,0,0,0
1065058,,,,AM,AALR,***NLA *** Spanset Ratchet Load Binder 8-10mm f/w Grab Hook RB-08BP,EACH,SPANSET,0,0,S,O,,,0,0,0,0
1065059,,,,AM,AALB,Spanset **Use 1065004** Spanset 8mm Grade 70 Tpt 9m Chain & Grab Hooks LB-08-9BP,EACH,SPANSET,0,0,S,O,,,0,0,0,0
1065060,,,,AM,AALA,***NLA *** Spanset Grab Hook 8mm CG-8-80BP CG-8-8-0,EACH,SPANSET,0,0,S,O,,,0,0,0,0
1065068,,,,AM,AALA,***NLA *** Spanset Corner Pallett Protector 1655,EACH,SPANSET,0,0,S,O,,,0,0,0,0
1065079,,,,AM,AALB,***NLA *** Spanset Lashing Assembly 25mm 01131-2-012-00,EACH,SPANSET,0,0,S,O,,,0,0,0,0
1065080,,,,AM,AALC,***NLA *** Spanset Lashing 25mm C/Buckle Ass x400mm  1155A30-0x0.4,EACH,SPANSET,0,0,S,O,,,0,0,0,0
1065081,,,,AM,AALC,***NLA *** Spanset Lashing 25mm C/Buckle Ass x600mm 1155a30-0x0.6,EACH,SPANSET,0,0,S,O,,,0,0,0,0
1065082,,,,AM,AALC,Spanset Rope Polyester 3 Strand 16mm Per metre RC16,EACH,SPANSET,0,0,S,O,,,0,0,0,0
1065088,,,,AM,AALB,Spanset Load Binding Strap 35mm Yellow w/35mm Bl Ratchet 01804B20,EACH,SPANSET,0,0,S,O,,,0,0,0,0
1065096,,,,AM,AALR,***NLA *** Spanset Ratchet Ass. 1500kg Fitted W' Hooks&Keepers 20011 J20-06-50,EACH,SPANSET,0,0,S,O,,,0,0,0,0
1065097,,,,AM,AA4S,***NLA*** Spanset Strap 1500kg x 4.5m fitted with Snap Hook J06-0x4.5,EACH,SPANSET,0,0,S,O,,,0,0,0,0
1065111,,,,AM,AALR,Spanset **USE 1065135** Spanset Ratchet Ass 2.5 Ton 9m W/Hook & Keepers 1857D210-PS1,EACH,SPANSET,0,0,S,O,,,0,0,0,0
1065135,,,,AM,AALR,Spanset Ratchet Assembly 50mm Orange Webbing 2500kg x 9 mtr,EACH,SPANSET,124,124,S,C,,,0,124,0,0
1065136,,,,AM,AA4K,Spanset Offroader Kit 60mm S/Strap with Full Eye Protection,EACH,SPANSET,0,0,S,O,,,0,0,0,0
1065137,,,,AM,AA4S,Spanset Strap Snatch 60mm White Loomstate 800kk 9m RS9,EACH,SPANSET,0,0,S,O,,,0,0,0,0
1065138,,,,AM,AA4K,Spanset Recovery Pack Outback ORP,EACH,SPANSET,0,0,S,O,,,0,0,0,0
1065139,,,,AM,AA4M,***NLA *** Spanset Shackle Bow 3.25 (WLL) BS16-8,EACH,SPANSET,0,0,S,O,,,0,0,0,0
1065142,,,,AM,AALR,Spanset Ratchet Pre Tension Ergo 2.5T 9M Lashing 2500kg 20035D21-0x0,EACH,SPANSET,0,0,S,O,,,0,0,0,0
1065157,,,,AM,AALB,Spanset Sling Round 1 tonne 2M E1000X2.0,EACH,SPANSET,0,0,S,A,,,0,0,0,0
1065158,,,,AM,AALR,Spanset Ratchet Assembly 2000kg 50mmx6m webbing 01857C20-0x06,EACH,SPANSET,0,0,S,O,,,0,0,0,0
1065202,,,,AM,AALW,***NLA*** Spanset Combo Bar for Truck Winch WH709A,EACH,SPANSET,0,0,S,O,,,0,0,0,0
1065217,,,,AM,AALR,Spanset Ergo Ratchet Assy 50mm x 6m C/W H & K 20035D21-0x06,EACH,SPANSET,0,0,S,A,,,0,0,0,0
1065218,,,,AM,AALR,Spanset Ratchet Assy 50mm x 6m w/ Chain & Hook 20035D60-0x06,EACH,SPANSET,0,0,S,A,,,0,0,0,0
1065260,,,,AM,AA4T,***NLA *** Spanset Tree Trunk Protector 3m/8000kg 75mm TTP-TREETRUNKPROTECTOR,EACH,SPANSET,0,0,S,O,,,0,0,0,0
1065261,,,,AM,AA4S,Spanset Ratchet Straps 35mm 6m w/load 1.5tonne 1804B20-06,EACH,SPANSET,3,3,S,A,,,0,3,0,0
1065268,,,,AM,AALR,Spanset Ratchet Assembl 50mm 2.5 Tonne w/Yel Webb 2.5m 1857D20-0x2.5,EACH,SPANSET,3,3,S,O,,,0,3,0,0
1065272,,,,AM,AALR,Spanset Ratchet Assembly 50mm 4000kg w/Blk Webb 9m 1857C00-0x09,EACH,SPANSET,0,0,S,O,,,0,0,0,0
1065278,,,,AM,AALR,Spanset  **Use 1065261** Tie Down Tradesman with Keeper Hooks 6m 1804B20-06,EACH,SPANSET,0,0,S,O,,,0,0,0,0
1065314,,,,AM,AALA,Spanset Replacement Ratchet Strap D20-09 9m,EACH,SPANSET,0,0,S,A,,,0,0,0,0
1065315,,,,AM,AALA,Spanset Protective Sleeve for Ratchet Strap RSI300,EACH,SPANSET,0,0,S,O,,,0,0,0,0
1065322,,,,AM,AA4S,Spanset Webbing Strap 1049048-1460 Per Metre,EACH,,0,0,X,,,ZZDELETED,0,0,0,0
1065336,,,,AM,AALA,Spanset  **Use 1065315** Protective Sleeve Tubular Webbing Poly Black RS30010,EACH,SPANSET,0,0,S,O,,,0,0,0,0
1065375,,,,AM,AALR,***NLA *** Spanset Restraint All Rounder LC 2000k HooKeeper Loop 01857c20-00-0x0,EACH,SPANSET,0,0,S,O,,,0,0,0,0
1065376,,,,AM,AALR,***NLA*** Spanset Webb Strap LC 2000kg Hook Keeper Shackle MLC20-BS-16-0x0,EACH,SPANSET,0,0,S,O,,,0,0,0,0
1065378,,,,AM,AALR,***NLA *** Spanset Load Restraint Ratchet 50mm 1258JHookSecutex 01857C16-0x02,EACH,SPANSET,0,0,S,O,,,0,0,0,0
1065404,,,,AM,AALC,***NLA *** Spanset Cam Buckle Assembly 2-5m Endless 300kg LC Blk 01151a00-,EACH,SPANSET,0,0,S,O,,,0,0,0,0
1065413,,,,AM,AA4M,***NLA *** Spanset Bow Shackle 4.7 Tonne BS-19-8-O,EACH,SPANSET,0,0,S,O,,,0,0,0,0
1065416,,,,AM,AALW,Spanset Grey 9Mx50mm Replacement Strap With Hook & Keeper 2500KG D210-PS-0X09 9Mt,EACH,SPANSET,0,0,S,A,,,0,0,0,0
1065417,,,,AM,AALW,Spanset Grey 12Mx50mm Replacement Strap With Hook & Keeper 2500KG D210-PS-0x12 12M,EACH,SPANSET,0,0,S,A,,,0,0,0,0
1065428,,,,AM,AAMZ,Spanset CUSTOM Custom Cargo Net 1.2 x 0.970 QT3259E,EACH,SPANSET,0,0,S,O,,,0,0,0,0
1065429,,,,AM,AAMZ,Spanset CUSTOM Custom Cargo Net 2.580 x 1.2 QT2359F,EACH,SPANSET,0,0,S,O,,,0,0,0,0
1065439,,,,AM,AALW,Spanset Truck Wench and Kepper Pack 01821C20-09,EACH,SPANSET,0,0,S,O,,,0,0,0,0
1065486,,,,AM,AALB,Spanset Sling Flat Webbing 1M 2 Tonne Eyeletsx2 B2000-1M,EACH,SPANSET,0,0,S,O,,,0,0,0,0
1065515,,,,AM,AALR,Spanset Ratchet Strap 2500kgx50mmx9m 01857D210-PS-1X09,EACH,SPANSET,0,0,S,A,,,0,0,0,0
1065575,,,,AM,AALB,Spanset Sling Round 2 tonne 2M Black EB2000-0x0.4,EACH,SPANSET,0,0,S,O,,,0,0,0,0
1065586,,,,AM,AALB,Spanset Sling Round 1 tonne 1M E1000X1.0,EACH,SPANSET,0,0,S,A,,,0,0,0,0
1065608,,,,AM,AA4W,Spanset Adaptor Bracket WINCH,EACH,SPANSET,0,0,S,O,,,0,0,0,0
1065614,,,,AM,AALR,Spanset Ratchet 100x50 Long Handle Buckle No Webbing 01857-0,EACH,SPANSET,0,0,S,O,,,0,0,0,0
1065649,,,,AM,AALR,Spanset Heavy Vehicle Kit Webrail Assemblies In Bag 4 x 4m WEBRAIL-KIT-04,EACH,SPANSET,0,0,S,A,,,0,0,0,0
1065650,,,,AM,AALR,Spanset Heavy Vehicle Kit Webrail Assemblies In Bag 4 x 8m WEBRAIL-KIT-08,EACH,SPANSET,0,0,S,A,,,0,0,0,0
1065925,,,,AM,AALR,Spanset 25Mm Ratchet Assy X 2.0Mtr C/W S Hooks,EACH,SPANSET,0,0,S,A,,,0,0,0,0
1065927,,,,AM,AALR,Spanset Complete Webrail Kit W 4 X 6M Assys - Webrail-Kit-06,EACH,SPANSET,0,0,S,A,,,0,0,0,0
106599,,,,AM,AALR,Spanset Ratchet Assembly B2 Hobby Endless B2HOBBY,EACH,SPANSET,0,0,S,A,,,0,0,0,0
1066090,,,,AM,AALR,Spanset Heavy Vehicle Kit Webrail Assemblies In Bag4 7m WEBRAIL-KIT-07,EACH,SPANSET,0,0,S,A,,,0,0,0,0
1066091,,,,AM,AALR,Spanset Heavy Vehicle Kit Webrail Assemblies In Bag4 5m WEBRAIL-KIT-05,EACH,SPANSET,0,0,S,A,,,0,0,0,0
1066112,,,,AM,AALR,Spanset Heavy Duty Endless Ratchet 9m lashing 10000kgs 200400F00-0-09,EACH,SPANSET,0,0,S,A,,,0,0,0,0
1066126,,,,AM,AALW,Spanset 45mtr Materials Winch 2002383,EACH,SPANSET,0,0,S,A,,,0,0,0,0
1066139,,,,AM,AA4S,SPAAUS Long Handled Ratchet Tie Down Strap 2 Hooks w Keeper 2500KG,EACH,SPANSET,0,0,S,A,,,0,0,0,0
1066140,,,,AM,AA4S,SPAAUS 50MM ERGO RATCHET ASSY 9MTR C/W H&K,EACH,SPANSET,0,0,S,A,,,0,0,0,0
1090582,,,,AM,AAMZ,Pryme Australia Cover Seat Belt Glowear Hi Vis Orange 8004,EACH,PRYME,0,0,S,O,,,0,0,0,0
1096104,,,,AM,AACA,Zen Imports Steelie Orbiter Plus Magnetic Socket + Metal Ring,EACH,ZENHOL,0,0,S,A,,,0,0,0,0
1096700,,,,AM,AAAT,Otter Aerofast Trailer Net 6ft x 4ft TRAILNET,EACH,AEROFAST,0,0,S,O,,9416978458100,0,0,0,0
1096701,,,,AM,AALR,Otter Aerofast Handyman Ratchet Tiedown HM5,EACH,AEROFAST,0,0,S,O,,9416978461513,0,0,0,0
1096702,,,,AM,AALR,Otter Aerofast Handyman Ratchet Tiedown Twin Pack HMTW,EACH,AEROFAST,0,0,S,O,,9416978461537,0,0,0,0
1096703,,,,AM,AALC,Otter Aerofast Camlock Tiedown Twin Pack HMCTW,EACH,AEROFAST,0,0,S,O,,9416978461612,0,0,0,0
1096704,,,,AM,AALC,Otter Aerofast Roofrack Tiedown 3m Pair HMRR3,EACH,AEROFAST,0,0,S,O,,9416978461568,0,0,0,0
1096705,,,,AM,AALC,Otter Aerofast Easi Strap 2mx25mm Nylon Camlock Blue ES2-4,EACH,AEROFAST,0,0,S,O,,9416978461360,0,0,0,0
1096706,,,,AM,AALR,Otter Aerofast Tradesman Ratchet Tiedown 25mm TM25,EACH,AEROFAST,0,0,S,O,,9416978461575,0,0,0,0
1096707,,,,AM,AALB,Otter Aerofast Truck Tiedown 9m T9WS,EACH,AEROFAST,0,0,S,O,,9416978454157,0,0,0,0
1096708,,,,AM,AALB,Otter Aerofast Motorcycle Tiedown 25mm MC2,EACH,AEROFAST,0,0,S,O,,9416978453341,0,0,0,0
1096709,,,,AM,AALA,Otter Aerofast Tow Rope/Winch Extension 10m TR10,EACH,AEROFAST,0,0,S,O,,9416978453853,0,0,0,0
1096710,,,,AM,AALR,Otter Aerofast Economy Overcentre Ratchet 25mm OC1,EACH,AEROFAST,0,0,S,O,,9416978488008,0,0,0,0
1096711,,,,AM,AALR,Otter Aerofast Jet Ski Ratchet JSR,EACH,AEROFAST,0,0,S,O,,9416978453402,0,0,0,0
1096712,,,,AM,AALR,Otter Aerofast Ratchet Hook to Hook TRHH,EACH,AEROFAST,0,0,S,O,,9416978488121,0,0,0,0
1096713,,,,AM,AALR,Otter Aerofast Handyman Endless Ratchet Tiedown HM5END,EACH,AEROFAST,0,0,S,O,,9416978461520,0,0,0,0
1096714,,,,AM,AALA,Otter Aerofast Fat Strap 18mm x 60cm Black & Yellow FAT60,EACH,AEROFAST,0,0,S,O,,9416978458018,0,0,0,0
1096715,,,,AM,AALA,Otter Aerofast Fat Strap 18mm x 80cm Green & Black FAT80,EACH,AEROFAST,0,0,S,O,,9416978461209,0,0,0,0
1096716,,,,AM,AALA,Otter Aerofast Fat Strap 18mm x 100cm Red & Black FAT100,EACH,AEROFAST,0,0,S,O,,9416978456121,0,0,0,0
1096717,,,,AM,AALR,Otter Aerofast Ratchet Black Series TD 25mmx5m Twin Pk BS-2505TW,EACH,AEROFAST,0,0,S,O,,9416978461735,0,0,0,0
1097674,,,,AM,AASZ,Priority Supplies Parts Cage Lift Certified PCCL002,EACH,PRISUP,0,0,S,A,,,0,0,0,0
1120100,,,,AM,AAAT,Arbon Equipment Trailer Stand Yellow 1400mm TS-2000,EACH,RSEA,0,0,S,A,,,0,0,0,0
1164950,,,,AM,AMBZ,Water Front Life Vest Man/Auto Crewguard PFD Red OSFM CREWGUARD PFD,EACH,WATFRO,0,0,S,O,,,0,0,0,0
1164951,,,,AM,AMBZ,Water Front Life Ring 4.3kg Orange LP8010-43,EACH,WATFRO,0,0,S,O,,,0,0,0,0
1164952,,,,AM,AMEZ,Water Front Rope 121mm 3STR 30m Silver RO1233-12K,EACH,WATFRO,0,0,S,O,,,0,0,0,0
1164953,,,,AM,AMBZ,"Water Front Rope SOLAS Lifebuoy Seamless & Rotational, Closed Cell Foam",EACH,WATFRO,0,0,S,O,,,0,0,0,0
1164954,,,,AM,AMBZ,Water Front Rope Sign Dura-Plate Lifebuoy 150x150 SA50217,EACH,WATFRO,0,0,S,O,,,0,0,0,0
1165000,,,,AM,AMBZ,***NLA*** RFD Marine Lifejacket Guardian Yellow Red Child X Small JGUAI7 PFD 1,EACH,RFDAUS,0,0,S,O,,,0,0,0,0
1165001,,,,AM,AMBZ,***NLA*** RFD Marine Lifejacket Guardian Yellow Red Child Small JGUAI1 PFD 1,EACH,RFDAUS,0,0,S,O,,,0,0,0,0
1165002,,,,AM,AMBZ,***NLA*** RFD Marine Lifejacket Guardian Yellow Red Child Medium JGUAI2 PFD 1,EACH,RFDAUS,0,0,S,O,,,0,0,0,0
1165003,,,,AM,AMBZ,***NLA*** RFD Marine Life Jacket Cyclone Automatic Inflating No Harness JLIF56,EACH,RFDAUS,0,0,S,O,,,0,0,0,0
1165004,,,,AM,AMBZ,***NLA*** RFD Marine Lifejacket Guardian Yellow Red Adult  XS - M JGUAI3 PFD 1,EACH,RFDAUS,0,0,S,O,,,0,0,0,0
1165005,,,,AM,AMBZ,***NLA*** RFD Marine Lifejacket Guardian Yellow Red Adult S - L  JGUAI4 PFD 1,EACH,RFDAUS,0,0,S,O,,,0,0,0,0
1165006,,,,AM,AMBZ,***NLA*** RFD Marine LifeJacket Guardian Yellow Red Adult 2XL JGUAI5 PFD 1,EACH,RFDAUS,0,0,S,O,,,0,0,0,0
1165007,,,,AM,AMBZ,RFD Marine Lifejacket Standard Yellow JSTDI4,EACH,RFDAUS,0,0,S,O,,,0,0,0,0
1165008,,,,AM,AMBZ,RFD Marine Inflatable Life Jacket Blue Manual Marine 11A JLI16B,EACH,RFDAUS,0,0,S,O,,,0,0,0,0
1165009,,,,AM,AMBZ,RFD Marine Lifebuoy Ring Solas Orange 28in 2.5KG MLIF01,EACH,RFDAUS,0,0,S,A,,,0,0,0,0
1165010,,,,AM,AMMZ,***NLA Offshore Grey Mini Binnacle Compass C/W Light COF754,EACH,RFDAUS,0,0,S,O,,3162420391100,0,0,0,0
1165011,,,,AM,AMMZ,***NLA Offshore Grey Compass C/W Light COF756,EACH,RFDAUS,0,0,S,O,,,0,0,0,0
1165012,,,,AM,AMBZ,RFD Marine LifeJacket Inflatable PFD Automatic Type11B JLIF68,EACH,RFDAUS,0,0,S,A,,,0,0,0,0
1165013,,,,AM,AMLZ,RFD Chemical Lights MCHL01,EACH,RFDAUS,0,0,S,O,,,0,0,0,0
1165015,,,,AM,AMBZ,RFD Marine Lifebuoy Ring Solas Orange 30in 4.3KG MLIF12,EACH,RFDAUS,0,0,S,A,,,0,0,0,0
1165016,,,,AM,AMBZ,***NLA Rope 8mm Orange for LIfe Buoy MCOR08,EACH,RFDAUS,0,0,S,O,,,0,0,0,0
1165017,,,,AM,AMBZ,RFD Marine Container Rigid Suit Ring Lifebouy 30in 40212 MCON45,EACH,RFDAUS,0,0,S,O,,,0,0,0,0
1165018,,,,AM,AMBZ,RFD Life Jacket Manual Inflatable 150N JLIF42,EACH,RFDAUS,0,0,S,O,,,0,0,0,0
1165020,,,,AM,AMBZ,RFD Life Jacket Cyclone Auto Inflatable W'Harness JLIF58,EACH,RFDAUS,0,0,S,O,,,0,0,0,0
1165022,,,,AM,AMMZ,RFD Retro Tape Solas 50mm For Buoys MTAP05 Per Metre,EACH,RFDAUS,0,0,S,O,,,0,0,0,0
1165023,,,,AM,AMBZ,RFD Sport and Auto Harness Blue CREW07,EACH,RFDAUS,0,0,S,A,,,0,0,0,0
1165024,,,,AM,AMMZ,RFD Air Cylinder - Inflate Life Jacket 33cm MCYL03,EACH,RFDAUS,0,0,S,A,,,0,0,0,0
1165025,,,,AM,AMBZ,RFD Marine Life Jacket Inflatable Auto HI VIS Type11A JLI17F,EACH,RFDAUS,0,0,S,O,,,0,0,0,0
1165026,,,,AM,AMMZ,RFD Marine Service Charge,EACH,,0,0,L,,,,0,0,0,0
1165027,,,,AM,AMBZ,RFD Marine Seacrusader 2010 w Deck Safety Harness,EACH,RFDAUS,0,0,S,O,,,0,0,0,0
1165028,,,,AM,AMBZ,RFD Marine Flare Hand Held Smoke Orange PCOHS2,EACH,RFDAUS,0,0,S,A,,,0,0,0,0
1165029,,,,AM,AMBZ,RFD Marine Life Jacket Type 11C HiVis Automatic JLIF65,EACH,RFDAUS,0,0,S,O,,,0,0,0,0
1165032,,,,AM,AMBZ,RFD Australia Lifejacket Crewfit 150N Automatic Red 9201RA,EACH,RFDAUS,10,0,S,A,,,10,0,0,0
1165034,,,,AM,AMBZ,RFD CREWFIT 150N XD AUTO FIRE RETARDANT LIFE JACKET,EACH,RFDAUS,0,0,S,A,,,0,0,0,0
1165036,,,,AM,AMBZ,RFD Crewfit 180N Pro Manual Harness,EACH,RFDAUS,0,0,S,A,,,0,0,0,0
1227777,,,,AM,AA4K,,EACH,,0,0,X,,,ZZDELETED,0,0,0,0
1229069,,,,AM,AAMZ,Ferno Australia Lifting Haul Bag 200kg Load Rated VBS HAUL,EACH,FERNO,0,0,S,O,,,0,0,0,0
1229094,,,,AM,AALR,Ferno Australia Narrowtlex Rope Solid Orange 11mmx100m NAR-Q39360100,EACH,FERNO,0,0,S,A,,,0,0,0,0
1229098,,,,AM,AMBZ,Ferno Australia Inflatable PFD Black VPFD PFDAUTO,EACH,FERNO,0,0,S,A,,,0,0,0,0
1238000,,,,AM,AMEZ,Glowstix Cylume Stick 150mm 6inch Orange GA6TWO,EACH,GLOWSTIX,0,0,S,O,,9330969000331,0,0,0,0
1238001,,,,AM,AMEZ,Glowstix Cylume Stick 150mm 6inch Yellow GA6TWY,EACH,GLOWSTIX,12,12,S,A,,9330969000379,0,12,0,0
1238002,,,,AM,AMEZ,Glowstix Cylume Stick 150mm 6inch Blue GA6TWB,EACH,GLOWSTIX,0,0,S,A,,9330969000317,0,0,0,0
1238003,,,,AM,AMEZ,Glowstix Cylume Stick 150mm 6inch Green GA6TWG,EACH,GLOWSTIX,13,13,S,A,,9330969000324,0,13,0,0
1238004,,,,AM,AMEZ,Glowstix Cylume Stick 150mm 6inch Red GA6TWR,EACH,GLOWSTIX,0,0,S,A,,9330969000362,0,0,0,0
1238005,,,,AM,AMEZ,Glowstix Cylume Stick 150mm 6in White GA6ITWW,EACH,GLOWSTIX,2,2,S,T,,,0,2,0,0
1238006,,,,AM,AMEZ,Catalina Trading Glow Stick Industrial Safety 150x10mm Pk3 BLUE,EACH,CATALINA,0,0,S,C,,,0,0,0,0
1238007,,,,AM,AMEZ,Catalina Trading Glow Stick Industrial Safety 150x10mm Pk3 RED,EACH,CATALINA,11,11,S,C,,,0,11,0,0
1238008,,,,AM,AMEZ,Catalina Trading Glow Stick Industrial Safety 150x10mm Pk3 GREEN,EACH,CATALINA,0,0,S,C,,,0,0,0,0
1277500,,,,AM,AMEZ,*** NLA*** Impulse Product Cyalume Sticks 8 Hours,EACH,THEIMP,0,0,S,O,,,0,0,0,0
135052,,,,AM,AAMZ,BOC Gas Agricultural Multi Thermometer NonCodgo ST-9280,EACH,BOC,0,0,S,O,,,0,0,0,0
155000,,,,AM,AAAM,Britax Mirror Head Coast Black Met 18 1421100,EACH,BRITAX,0,0,S,O,,,0,0,0,0
155001,,,,AM,AAAM,Britax Mirror Assy Flat Glass Suit Cab C 1441012,EACH,BRITAX,0,0,S,O,,,0,0,0,0
155008,,,,AM,AAEZ,Britax Lamp Rear Dual St Tail Ref Flash Bk 4800B,EACH,BRITAX,0,0,S,O,,,0,0,0,0
155009,,,,AM,AAEZ,Britax Lamp Rear St Tail Rev Flash 280x100mm 4802,EACH,BRITAX,0,0,S,O,,,0,0,0,0
155010,,,,AM,AAEZ,Britax Lamp Rear St Tail Rev Flash 280x100mm 4802B,EACH,BRITAX,0,0,S,O,,9314728016566,0,0,0,0
155013,,,,AM,AAEZ,Britax Switch Rocker On Off Illum Amber 25A 58328 13,EACH,BRITAX,0,0,S,O,,,0,0,0,0
155014,,,,AM,AAEZ,Britax Lamp Reversing Clear 120x80mm 739 00,EACH,BRITAX,0,0,S,O,,5033818009007,0,0,0,0
155016,,,,AM,AAEZ,Britax Lamp Reg Plate Large 106x57mm 867 00,EACH,BRITAX,0,0,S,O,,5022818001029,0,0,0,0
155018,,,,AM,AAAT,Britax Trail Con B5 7 Pole Flat Sock Bk B5AB,EACH,BRITAX,0,0,S,O,,,0,0,0,0
155026,,,,AM,AAEZ,Britax Spot Lamp Met/Body 94mm DIA  HL228H3,EACH,BRITAX,0,0,S,O,,,0,0,0,0
155030,,,,AM,AAAM,Britax Adjustable Convex Spot Mirror 1421011,EACH,BRITAX,0,0,S,O,,,0,0,0,0
155037,,,,AM,AAEZ,Britax Super Sport Spot light BH1080,EACH,BRITAX,0,0,S,O,,8851342000317,0,0,0,0
155038,,,,AM,AAAM,Britax Mirror Head Black Metal 1412647,EACH,BRITAX,0,0,S,O,,13367,0,0,0,0
155039,,,,AM,AAAM,Britax Mirror Head Black Plastic Flat Universal 1441122,EACH,BRITAX,0,0,S,O,,,0,0,0,0
155041,,,,AM,AAEZ,Britax Lamp Side Marker Amber 70x43 4088,EACH,BRITAX,0,0,S,O,,,0,0,0,0
155043,,,,AM,AAEZ,Britax Lamp S/Mark Red Amber with Guard 140x72 4074,EACH,BRITAX,0,0,S,O,,,0,0,0,0
155044,,,,AM,AAEZ,Britax Lamp S/Mark Red Amber With Guard 70x43 BK 4076B,EACH,BRITAX,0,0,S,O,,,0,0,0,0
155047,,,,AM,AAEZ,Britax Bulb 12v 55w H1 50310/1,EACH,BRITAX,0,0,S,O,,,0,0,0,0
155049,,,,AM,AAAM,Britax Mirror Head Flat Glass 145/8 Inch      1421131,EACH,BRITAX,0,0,S,O,,,0,0,0,0
155050,,,,AM,AAAM,Britax Dish Mirror For Trucks 140x100 Spotter Stickon 1441016,EACH,BRITAX,0,0,S,O,,,0,0,0,0
155084,,,,AM,AASZ,Britax Automotive Battery Lockout Lever Kit Red 24505-01RB,EACH,BRITAX,0,0,S,O,,,0,0,0,0
165074,,,,AM,AACC,Bunzl Truck Wash 25L EL3191201,EACH,BUNZL,0,0,S,O,,,0,0,0,0
19900063,,,,AM,AALR,NZ Ancra Multi Purpose Tie Dow 25mmx4m,,RSEA,0,0,S,I,,,0,0,0,0
19900064,,,,AM,AALR,***NLA*** Ancra Motorcycyle Tie Down 25mmx2m,,RSEA,0,0,S,O,,,0,0,0,0
19900065,,,,AM,AAMZ,NZ Ancra Tow Strap 3 Tons Break Strain 6m x 50mm,,RSEA,0,0,S,I,,,0,0,0,0
19900066,,,,AM,AAMZ,***NLA*** Ancra Tow Strap 5800kg Break Strain 3.5m x 50mm,,RSEA,0,0,S,O,,,0,0,0,0
19900724,,,,AM,AMMZ,***NLA*** Hutchwilco Gas Fog Horn 6740,,RSEA,0,0,S,O,,,0,0,0,0
19904037,,,,AM,AA4S,***NLA*** Ancra Tow Strap Break Strain Webbing 3 tonne 6mx50mm TOW100,,RSEA,0,0,S,O,,,0,0,0,0
2002806,,,,AM,AAAE,***NLA*** Spinifex Tarp Blue 8 x 10 90022346003,EACH,ANACONDA,0,0,S,O,,9341235037272,0,0,0,0
201086,,,,AM,AAMZ,Redcat Ind Wheel Nut Indicator 46mm WS46Y,EACH,REDCAT,0,0,S,C,,,0,0,0,0
208918,,,,AM,AAEZ,Auto Elec Nano Bar LED 16.5cm Green 12-24v LSQ-0440,EACH,AUTOELE,0,0,S,A,,,0,0,0,0
263398,,,,AM,AAMZ,Pryme Australia Cover Seat Belt Glowear Hi Vis Lime 8004,EACH,PRYME,21,21,S,C,,720476290438,0,21,0,0
320006,,,,AM,AALA,Kebles Trading Plastic Pallet Protectors Load Tie Down KT88C,EACH,KEBLES,0,0,S,A,,,0,0,0,0
323000,,,,AM,AALR,Load Restraint 2 Tonne Tie Down Ratchet,EACH,LOARES,0,0,S,O,,,0,0,0,0
323002,,,,AM,AAMZ,Load Restraint Emergency Procedure Guide Holders CS914,EACH,LOARES,0,0,S,O,,,0,0,0,0
323013,,,,AM,AALA,Load Restraint Turnbuckle 16mm Hook/Eye F606,EACH,LOARES,0,0,S,O,,,0,0,0,0
323104,,,,AM,AAMZ,Load Restraint Strap Shopping Trolley Red w/ S Hook 25mmx4m PWC254,EACH,LOARES,0,0,S,O,,,0,0,0,0
341817,,,,AM,AASZ,King Gee Tradies base ball cap k61229,EACH,KINGGEE,0,0,S,A,,,0,0,0,0
341818,,,,AM,AASZ,King Gee Tradies beanie k61228,EACH,KINGGEE,0,0,S,A,,,0,0,0,0
360079,,,,AM,AACC,Lightning Products Flash Wash Liquid Vehicle Wash 501T 20L,EACH,LIGHTNING,0,0,S,C,,,0,0,0,0
370160,,,,AM,AAAC,Techware Maxisafe Cleanair Short Hood W Basic Papr & Storage Container,EACH,TECLTD,0,0,S,A,,,0,0,0,0
375017,,,,AM,AAAA,Envirorubber Vehicle Mat 10mm Charcoal Uncut Sold by Sq Metre UTE,EACH,ENVIRORUBB,0,0,S,A,,,0,0,0,0
39003,,,,AM,AAAE,Truckline License Rego holder Plastic Clear 120x85mm 118207,EACH,TRUCKLINE,0,0,S,O,,,0,0,0,0
39004,,,,AM,AA4M,Truckline Maxtrax Traction Assist W'4wd Recovery Pair 38653277,EACH,TRUCKLINE,0,0,S,O,,,0,0,0,0
39007,,,,AM,AAAE,Truckline Cargo Bar W'Rubber Foot BUYAC2,EACH,TRUCKLINE,0,0,S,O,,,0,0,0,0
404500,,,,AM,AAMZ,Wheel Nut Indicator 40mm 19/16 Yellow WS40Y,EACH,REDCAT,0,0,S,C,,,0,0,0,0
404501,,,,AM,AAMZ,Wheel Nut Indicator 41mm 9/32 WS41LNKY,EACH,REDCAT,0,0,S,C,,,0,0,0,0
418003,,,,AM,AAMZ,Specialised Alloy Wheel Tyre Changer,EACH,TEMEFT,0,0,S,O,,,0,0,0,0
436104,,,,AM,AMBZ,Anaconda Life Jacket Inflatable MOJIKO 150n PFD1 7042957 Adult L,EACH,ANACONDA,0,0,S,O,,,0,0,0,0
445000,,,,AM,AAAC,Palm Scepter Fuel Cans Fuel Container 5L SCEF05,EACH,PALIND,0,0,S,O,,,0,0,0,0
445001,,,,AM,AAAC,Palm Scepter Fuel Cans Fuel Container 10L SCEF10,EACH,PALIND,0,0,S,O,,,0,0,0,0
445002,,,,AM,AAAC,Palm Scepter Fuel Cans Fuel Container 20L SCEF20,EACH,PALIND,0,0,S,O,,,0,0,0,0
445003,,,,AM,AAAC,Palm Fuel Can Combo SCEF99,EACH,PALIND,0,0,S,O,,,0,0,0,0
445004,,,,AM,AAAC,**NLA** Palm Fuel Can Diesel Container 20L SCED20,EACH,PALIND,0,0,S,O,,,0,0,0,0
445005,,,,AM,AAAC,Palm Scepter Fuel Cans Accessory Kit  SCEJA5,EACH,PALIND,0,0,S,O,,,0,0,0,0
445006,,,,AM,AA4S,Palm Scepter Fasty Straps Fasty Display Box  ART120,EACH,PALIND,0,0,S,O,,,0,0,0,0
445007,,,,AM,AA4S,Palm Scepter Fasty Straps White 1.0m  ART121,EACH,PALIND,0,0,S,O,,,0,0,0,0
445008,,,,AM,AA4S,**NLA**Palm Scepter Fasty Straps Yellow 1.5m  ART122,EACH,PALIND,0,0,S,O,,,0,0,0,0
445009,,,,AM,AA4S,Palm Scepter Fasty Straps Blue 2.0m ART123,EACH,PALIND,0,0,S,O,,,0,0,0,0
445010,,,,AM,AA4S,*NLA* Palm Scepter Fasty Straps Red 2.5m ART124,EACH,PALIND,0,0,S,O,,,0,0,0,0
445011,,,,AM,AA4S,**NLA**Palm Fasty Straps Black 3.5m ART125,EACH,PALIND,0,0,S,O,,,0,0,0,0
445012,,,,AM,AA4S,Palm Fasty Straps Twin Pack 50cm ART151,EACH,PALIND,0,0,S,O,,,0,0,0,0
445013,,,,AM,AA4S,Palm Fasty Straps Twin Pack 100cm ART152,EACH,PALIND,0,0,S,O,,,0,0,0,0
445014,,,,AM,AA4S,Palm Fasty Straps Twin Pack 200cm ART153,EACH,PALIND,0,0,S,O,,,0,0,0,0
445015,,,,AM,AA4S,Palm Fasty Straps Twin Pack 300cm ART154,EACH,PALIND,0,0,S,O,,,0,0,0,0
454024,,,,AM,AACC,Armour All Enhanced Car Care Gift Pack GP003BAU,EACH,TOTBUS,0,0,S,A,,,0,0,0,0
454025,,,,AM,AACC,Amor All Glass Wipes 10865/4AU,EACH,TOTBUS,0,0,S,A,,,0,0,0,0
454026,,,,AM,AACC,Amor All Protectant Wipes 10861/4AU,EACH,TOTBUS,0,0,S,A,,,0,0,0,0
454027,,,,AM,AACF,Amor All Protectant Air Freshening APANC250/6AU,EACH,TOTBUS,0,0,S,A,,,0,0,0,0
50000,,,,AM,AALB,Ancra Australia 10HT loadbinder  grab hook 40467,EACH,ANCAUS,0,0,S,O,,,0,0,0,0
50001,,,,AM,AALB,Ancra Australia 8mm chain kits 9mtr with grab 40552,EACH,ANCAUS,0,0,S,O,,,0,0,0,0
50002,,,,AM,AALB,Ancra Australia Ratchet buckle loadbinder 50mm 5000 12,EACH,ANCAUS,0,0,S,O,,,0,0,0,0
50003,,,,AM,AALB,Ancra Australia Winch strap  2 wear sleeves 41659,EACH,ANCAUS,0,0,S,O,,,0,0,0,0
50004,,,,AM,AALB,Ancra Australia S/R winch 50mmx9.14m strap 49203 20,EACH,ANCAUS,0,0,S,O,,,0,0,0,0
50005,,,,AM,AALB,Ancra Ratchet Buckle 50mm with 9 metre Strap 50000-12,EACH,ANCAUS,0,0,S,O,,,0,0,0,0
50006,,,,AM,AALB,Ancra Strap Assembly with Buckle 54008-1,EACH,ANCAUS,0,0,S,O,,,0,0,0,0
50007,,,,AM,AALB,Ancra Winch Strap 50mm -5 Metre 50000-12-5,EACH,ANCAUS,0,0,S,O,,,0,0,0,0
50465___,,,,AM,AMBZ,Inflatable Jacket Relaxn 150N,EACH,SAMALLE,0,0,Z,A,U,9330420098310,0,0,0,0
50465___BLCKOSFA,,,,AM,AMBZ,Inflatable Jacket Relaxn 150N Black One Size Fits All,EACH,SAMALLE,0,0,S,A,U,,0,0,0,0
580025,,,,AM,AMLZ,**NLA** Soterion Multi Flare Waterproof beacon MTF600,EACH,SOTPLX,0,0,S,O,,,0,0,0,0
580045,,,,AM,AMLZ,Soterion Warning Beacon Torch-Amber ST300A,EACH,SOTPLX,0,0,S,O,,,0,0,0,0
600836,,,,AM,AMMZ,3M Australia High Capacity Battery  TR-830 - Versaflo,EACH,3MAUST,0,0,S,A,,,0,0,0,0
717805,,,,AM,AAMZ,Hales Australia Silicone Mould Release 300g 530 EACH,EACH,HALAUS,0,0,S,O,,,0,0,0,0
72035,,,,AM,AAAC,BRAAUS BRUTE ROUND CONTAINER 121.1L YEL,EACH,BRADY,0,0,S,A,,72035,0,0,0,0
738246,,,,AM,AALR,Specialised Forces Cargo Net Polyethylene 2.0x3.0m Blue LCNPE2.0X3.0,EACH,SPEFOR,0,0,S,A,,,0,0,0,0
738247,,,,AM,AALR,Specialised Forces Cargo Net Polyethylene 2.4x3.0m Blue LCNPE2.4X3.0,EACH,SPEFOR,0,0,S,O,,,0,0,0,0
738254,,,,AM,AALR,Specialised Force Cargo Net Tie Down Ropes Pk10 LCNTIEDOWN,EACH,SPEFOR,2,2,S,C,,,0,2,0,0
738255,,,,AM,AALR,Specialised Force Cargo Net Blue Polythene Small Holes 1.8x2.4m LCNPE1.8X2.4,EACH,SPEFOR,0,0,S,O,,,0,0,0,0
738256,,,,AM,AALR,Specialised Forces Cargo Net Polyethylene 2.1x2.1m Blue LCNPE2.1X2.1,EACH,SPEFOR,0,0,S,O,,,0,0,0,0
738290,,,,AM,AAMZ,Macs Engineering Cargo Net CUSTOM SHAPE,EACH,TEMEFT,0,0,S,O,,,0,0,0,0
738321,,,,AM,AMBZ,Stormy Life Vest Plus 180N Q3369875,EACH,STOLIF,1,1,S,T,,,0,1,0,0
738331,,,,AM,AAMZ,Holmatro Emergency Safety Pen Glass Breaker 350182088,EACH,FIRRES,0,0,S,O,,,0,0,0,0
738506,,,,AM,AMBZ,STORMY LIFEJACKETS - Life Vest Plus with PLB Pocket - OSFA LVP-200N,EACH,STOLIF,0,0,S,A,,,0,0,0,0
738576,,,,AM,AAMZ,McGinns Loctite No3 Non Hardening Seal Aviation Gasket 50ml 3J,,MCGINNS,0,0,S,O,,,0,0,0,0
738614,,,,AM,AAMZ,McGinns Loctite 222 Super Screw Lock 50ml 222,,MCGINNS,0,0,S,O,,,0,0,0,0
738615,,,,AM,AAMZ,McGinns Loctite 243 Super Nut Lock 50ml 243,,MCGINNS,0,0,S,O,,,0,0,0,0
738616,,,,AM,AAMZ,McGinns Loctite 263 Super Stud Lock 50ml 263,,MCGINNS,0,0,S,O,,,0,0,0,0
738617,,,,AM,AAMZ,McGinns Loctite 277 Thread Locker 50ml 277,,MCGINNS,0,0,S,O,,,0,0,0,0
738618,,,,AM,AAMZ,McGinns Loctite 290 Super Wick In 50ml 290,,MCGINNS,0,0,S,O,,,0,0,0,0
738619,,,,AM,AAMZ,McGinns Loctite 401 Instant Adhesive 25ml 401,,MCGINNS,0,0,S,O,,,0,0,0,0
738620,,,,AM,AAMZ,McGinns Loctite 406 Instant Adhesive 25ml 406,,MCGINNS,0,0,S,O,,,0,0,0,0
738621,,,,AM,AAMZ,McGinns Loctite 454 Instant Adhesive Prism Gel 454,,MCGINNS,0,0,S,O,,,0,0,0,0
738622,,,,AM,AAMZ,McGinns Loctite 515 Sealant 300ml,,MCGINNS,0,0,S,O,,,0,0,0,0
738623,,,,AM,AAMZ,McGinns Loctite 515 Master Gasket Flexible Med Strength 515,,MCGINNS,0,0,S,O,,,0,0,0,0
738624,,,,AM,AAMZ,McGinns Loctite 518 Master Gasket Flexible Multi Purpose 518,,MCGINNS,0,0,S,O,,,0,0,0,0
738625,,,,AM,AAMZ,McGinns Loctite 567 Mater Sealant Pipe Threads 50ml 567,,MCGINNS,0,0,S,C,,,0,0,0,0
738626,,,,AM,AAMZ,McGinns Loctite 5699 Ultra Grey Maxx RTV Silicone 95g 5699,,MCGINNS,0,0,S,O,,,0,0,0,0
738627,,,,AM,AAMZ,McGinns Loctite 577 High Pressure Pipe Sealant 50ml 577,,MCGINNS,0,0,S,O,,,0,0,0,0
738628,,,,AM,AAMZ,McGinns Loctite 587 Blue Maxx Silicone 390g Senser Safe 587,,MCGINNS,0,0,S,O,,,0,0,0,0
738629,,,,AM,AAMZ,McGinns Loctite 609 Super Retaining Comp Med/Hgh Strength 50ml 609,,MCGINNS,0,0,S,O,,,0,0,0,0
738630,,,,AM,AAMZ,McGinns Loctite 620 Super High Temp High Strength 50ml 620,,MCGINNS,0,0,S,O,,,0,0,0,0
738631,,,,AM,AAMZ,McGinns Loctite 641 Bearing Mount Medium Strength 50ml 641,,MCGINNS,0,0,S,O,,,0,0,0,0
738632,,,,AM,AAMZ,McGinns Loctite 660 Quickmetal Press Fit Repair 66040,,MCGINNS,0,0,S,O,,,0,0,0,0
738633,,,,AM,AAMZ,McGinns Loctite 680 Very High Strength 50ml 680,,MCGINNS,0,0,S,O,,,0,0,0,0
738634,,,,AM,AAMZ,McGinns Loctite 7471 Primer T Replacement 133ml 7471,,MCGINNS,0,0,S,O,,,0,0,0,0
738635,,,,AM,AAMZ,McGinns Loctite 7649 Primer and Replacement Gen Purpose 7649,,MCGINNS,0,0,S,O,,,0,0,0,0
738636,,,,AM,AAMZ,McGinns Loctite 770 PP Primer Activator 100ml 770,,MCGINNS,0,0,S,O,,,0,0,0,0
738637,,,,AM,AAMZ,McGinns Loctite Anti Seize Silver Grade 250g,,MCGINNS,0,0,S,O,,,0,0,0,0
738638,,,,AM,AAMZ,McGinns Loctite Prism 401 3g Tube 401,,MCGINNS,0,0,S,O,,,0,0,0,0
738639,,,,AM,AAMZ,McGinns Loctite 569 Thread Sealant HYD 50ml Bottle,,MCGINNS,0,0,S,O,,,0,0,0,0
738640,,,,AM,AAMZ,McGinns Loctite 771 Anti Seize Silver Grade Compound 500g CO39163,,MCGINNS,0,0,S,O,,,0,0,0,0
738641,,,,AM,AAMZ,McGinns Loctite 587 Blue Wax 95g,EACH,LOCTITE,0,0,S,O,,,0,0,0,0
738642,,,,AM,AAMZ,McGinns Loctite 263 Thread Locker 10ml,EACH,LOCTITE,0,0,S,O,,,0,0,0,0
738643,,,,AM,AAMZ,McGinns Loctite 732 Silastic,EACH,LOCTITE,0,0,S,O,,,0,0,0,0
738644,,,,AM,AAMZ,McGinns Paper Abrasive Wet/Dry Gr 320A Grit A965 230x280 CC268178,EACH,MCGINNS,0,0,S,O,,,0,0,0,0
738645,,,,AM,AAMZ,McGinns Paper Abrasive Wet/Dry Grit 400 CC110604,EACH,MCGINNS,0,0,S,O,,,0,0,0,0
738646,,,,AM,AAMZ,McGinns Paper Abrasive Wet/Dry T421 Grit P1200A 230x280 CC268240,EACH,MCGINNS,0,0,S,O,,,0,0,0,0
738647,,,,AM,AAMZ,McGinns Paper Abrasive Wet/Dry T423 Grit P150C 230x280 CC268119,EACH,MCGINNS,0,0,S,O,,,0,0,0,0
738648,,,,AM,AAMZ,McGinns Chalk Marking Engineers Pack 100 6-EC755,EACH,MCGINNS,0,0,S,O,,,0,0,0,0
738649,,,,AM,AAMZ,McGinns Petroleum Jelly Snow White 400g FAPJ,EACH,MCGINNS,0,0,S,O,,,0,0,0,0
738650,,,,AM,AAMZ,McGinns Funnel Set 3PCE 30-62582,EACH,MCGINNS,0,0,S,O,,,0,0,0,0
738652,,,,AM,AAMZ,McGinns Araldite Epoxy Resin Selleys 5 Minute 200ml Pack,EACH,MCGINNS,0,0,S,O,,,0,0,0,0
738654,,,,AM,AAMZ,McGinns Wood Scraper Oldfields 63mm PA907,EACH,MCGINNS,1,1,S,C,,,0,1,0,0
738655,,,,AM,AAMZ,McGinns Paintbrush 25mm PA10410,EACH,MCGINNS,0,0,S,O,,,0,0,0,0
738656,,,,AM,AAMZ,McGinns Grease Rubber 110g Tube,EACH,MCGINNS,0,0,S,O,,,0,0,0,0
738657,,,,AM,AAMZ,McGinns Masking Tape Pressure Sensitiv Lime Green 48mmx50m Roll,EACH,MCGINNS,0,0,S,O,,,0,0,0,0
738658,,,,AM,AAMZ,McGinns Tape Piping Thread Sealing Teflon 12mmx10m Roll,EACH,MCGINNS,0,0,S,O,,,0,0,0,0
738659,,,,AM,AAMZ,McGinns Paper Abrasive Wet/Dry 400 Grit 230x280x15mm CC268194,EACH,MCGINNS,0,0,S,O,,,0,0,0,0
738661,,,,AM,AAMZ,McGinns Insulation Tape Black 19mmx9m EACH  PVCBLA,EACH,MCGINNS,0,0,S,O,,,0,0,0,0
738662,,,,AM,AAMZ,McGinns Paper Abrasive Wet/Dry T426 Grit P220A 230x280 CC268135,EACH,MCGINNS,0,0,S,O,,,0,0,0,0
738663,,,,AM,AAMZ,McGinns Insulation Tape White 19mmx9m EACH PVCWH,EACH,MCGINNS,0,0,S,O,,9318266266414,0,0,0,0
738664,,,,AM,AAMZ,McGinns Loctite 609 Super Retaining Comp Med/Hgh Strength 10ml 609,EACH,MCGINNS,0,0,S,O,,,0,0,0,0
738666,,,,AM,AAMZ,McGinns Paintbrush Budget 75mm PA13575,EACH,MCGINNS,0,0,S,O,,,0,0,0,0
738667,,,,AM,AAMZ,McGinns Paper Abrasive Wet/Dry T423 Grit P80C 230x280 CC268089,EACH,MCGINNS,0,0,S,O,,,0,0,0,0
738668,,,,AM,AAMZ,McGinns Paper Abrasive Wet/Dry T423 Grit P100C 230x280 CC268097,EACH,MCGINNS,0,0,S,O,,,0,0,0,0
738671,,,,AM,AAMZ,McGinns Superglue Gorilla 15g 41004,EACH,MCGINNS,0,0,S,O,,,0,0,0,0
738672,,,,AM,AAMZ,McGinns Wire Brush 4 Row Dixpro Wooden Handle MI400 M1224006,EACH,MCGINNS,0,0,S,C,,,0,0,0,0
738673,,,,AM,AAMZ,McGinns Paper Abrasive Wet/Dry Grit P60C 230x280 ABCC268070,EACH,MCGINNS,0,0,S,O,,,0,0,0,0
738674,,,,AM,AAMZ,McGinns Paper Abrasive Wet/Dry Grit P400A 230x280 ABCC268194,EACH,MCGINNS,0,0,S,O,,,0,0,0,0
738675,,,,AM,AAMZ,McGinns Paper Abrasive Wet/Dry Grit P1000A 230x280 ABCC268232,EACH,MCGINNS,0,0,S,O,,,0,0,0,0
738676,,,,AM,AAMZ,McGinns Paper Adhesive Metalite Norton Roll 50mmx50M P320J ABCE111317,EACH,MCGINNS,0,0,S,O,,,0,0,0,0
738677,,,,AM,AAMZ,McGinns Paper Adhesive Metalite Norton Roll 50mmx50M P150J ABCE111007,EACH,MCGINNS,0,0,S,O,,,0,0,0,0
738678,,,,AM,AAMZ,McGinns Paper Adhesive Metalite Norton Roll 50mmx50M P40J ABCE100161,EACH,MCGINNS,0,0,S,O,,,0,0,0,0
738681,,,,AM,AACA,McGinns Pouch To Suit Snips Black TOSTC-65,EACH,MCGINNS,0,0,S,O,,,0,0,0,0
738682,,,,AM,AAEZ,"Sheffield Blades Snips 7"" Black Panther 27-701",EACH,SHEFFIELD,0,0,S,A,,9342386006162,0,0,0,0
738999,,,,AM,AAMZ,Redcat Industries Wheel Nut Indicator METRIC 17mm Approx. IMP 11/16*,EACH,REDCAT,41,41,S,C,,,0,41,0,0
739000,,,,AM,AAMZ,Redcat Industries Wheel Nut Indicator 18mm Imp 23/32 WS18Y,EACH,REDCAT,0,0,S,C,,,0,0,0,0
739001,,,,AM,AAMZ,Redcat Industries Wheel Nut Indicator 19mm Imp 3/4 WS19Y,EACH,REDCAT,253,253,S,A,,,0,253,0,0
739002,,,,AM,AAMZ,Redcat Industries Wheel Nut Indicator 19mm Imp 3/4 WS19MMEXT,EACH,REDCAT,197,197,S,A,,,0,197,0,0
739003,,,,AM,AAMZ,Redcat Industries Wheel Nut Indicator 21mm Imp 13/16 WS21Y,EACH,REDCAT,150,150,S,A,,,0,150,0,0
739004,,,,AM,AAMZ,Redcat Industries Wheel Nut Indicator 21mm Imp 13/16 WS21MMEXT,EACH,REDCAT,0,0,S,C,,,0,0,0,0
739005,,,,AM,AAMZ,Redcat Industries Wheel Nut Indicator 22mm Imp 7/8 WS22Y,EACH,REDCAT,3,3,S,C,,,0,3,0,0
739006,,,,AM,AAMZ,Redcat Industries Wheel Nut Indicator 22mm Imp 7/8 WS22MMEXT,EACH,REDCAT,0,0,S,C,,,0,0,0,0
739007,,,,AM,AAMZ,Redcat Industries Wheel Nut Indicator 23mm Imp 29/32 WS23Y,EACH,REDCAT,24,24,S,C,,,0,24,0,0
739008,,,,AM,AAMZ,Redcat Industries Wheel Nut Indicator 24mm Imp 15/16 WS24Y,EACH,REDCAT,48,48,S,C,,,0,48,0,0
739009,,,,AM,AAMZ,Redcat Industries Wheel Nut Indicator 25mm Imp 1 WS25Y,EACH,REDCAT,63,63,S,C,,,0,63,0,0
739010,,,,AM,AAMZ,Redcat Industries Wheel Nut Indicator 26mm Imp1 1/32 WS26Y,EACH,REDCAT,35,35,S,C,,,0,35,0,0
739011,,,,AM,AAMZ,Redcat Industries Wheel Nut Indicator 27mm Imp1 1/16 WS27Y,EACH,REDCAT,0,0,S,C,,,0,0,0,0
739012,,,,AM,AAMZ,Redcat Industries Wheel Nut Indicator 28mm Imp1 3/32 WS28Y,EACH,REDCAT,0,0,S,C,,,0,0,0,0
739013,,,,AM,AAMZ,Redcat Industries Wheel Nut Indicator 29mm Imp 1 9/64 WS29Y,EACH,REDCAT,63,63,S,C,,,0,63,0,0
739014,,,,AM,AAMZ,Redcat Industries Wheel Nut Indicator 30mm Imp 1 3/16 WS30Y,EACH,REDCAT,118,118,S,C,,,0,118,0,0
739015,,,,AM,AAMZ,Redcat Industries Wheel Nut Indicator 31mm Imp 1 7/32 WS31Y,EACH,REDCAT,70,70,S,C,,,0,70,0,0
739016,,,,AM,AAMZ,Redcat Industries Wheel Nut Indicator 32mm Imp 1 1/4 WS32Y,EACH,REDCAT,131,131,S,C,,,0,131,0,0
739017,,,,AM,AAMZ,Redcat Industries Wheel Nut Indicator 33mm Imp 1 9/32 WS33Y,EACH,REDCAT,0,0,S,C,,,0,0,0,0
739018,,,,AM,AAMZ,Redcat Industries Wheel Nut Indicator 34mm Imp 1 11/32 WS34Y,EACH,REDCAT,1,1,S,C,,,0,1,0,0
739019,,,,AM,AAMZ,Redcat Industries Wheel Nut Indicator 35mm Imp 1 3/8 WS35Y,EACH,REDCAT,62,62,S,C,,,0,62,0,0
739020,,,,AM,AAMZ,Redcat Industries Wheel Nut Indicator 36mm Imp 1 13/32 WS36Y,EACH,REDCAT,36,36,S,C,,,0,36,0,0
739021,,,,AM,AAMZ,Redcat Industries Wheel Nut Indicator 38mm Imp 1 1/2 WS38Y,EACH,REDCAT,0,0,S,C,,,0,0,0,0
739022,,,,AM,AAMZ,Redcat Industries Wheel Nut Indicator 41mm Imp 1 19/32 WS41Y,EACH,REDCAT,1,1,S,C,,,0,1,0,0
739023,,,,AM,AAMZ,Redcat Industries Wheel Nut Indicator 44mm Imp 1 3/4 WS44Y,EACH,REDCAT,134,134,S,C,,,0,134,0,0
739028,,,,AM,AAMZ,Redcat Industries Wheel Nut Indicator 33mm Ext Yellow WS33MMEXT,EACH,REDCAT,0,0,S,C,,,0,0,0,0
739029,,,,AM,AAMZ,Redcat Industries Wheel Nut Indicator 19mmx65mm Yellow WS19EXT65,EACH,REDCAT,0,0,S,C,,,0,0,0,0
739030,,,,AM,AAMZ,Redcat Industries Wheel Nut Indicator 21mmx6.5mm Yellow WS21EXT65,EACH,REDCAT,0,0,S,C,,,0,0,0,0
739031,,,,AM,AAMZ,Redcat Industries Wheel Nut Indicator 22mmx6.5mm Yellow WS22EXT65,EACH,REDCAT,0,0,S,C,,,0,0,0,0
739032,,,,AM,AAMZ,Redcat Industries Checklist Wheel Nut Indicator Yellow/Black 100pk WS HANGAR,EACH,REDCAT,0,0,S,C,,,0,0,0,0
739033,,,,AM,AAMZ,Redcat Industries Counter Sunk Wheel Nut Ind 32mm Imp 1 1/4 WS32MMEXT,EACH,REDCAT,0,0,S,C,,,0,0,0,0
739034,,,,AM,AAMZ,FSP Australia Wheel Nut Indicator Yellow 38mm W 21mm Ext SEWNIEXT21,EACH,FSP,0,0,S,A,,,0,0,0,0
739035,,,,AM,AAMZ,Redcat Industries Wheel Nut Indicator 20mm Yellow WS20Y,EACH,REDCAT,77,77,S,A,,,0,77,0,0
739036,,,,AM,AAMZ,Redcat Industries Wheel Nut Indicator Sizing Kit 17-50mm Yellow SKIT,EACH,REDCAT,1,1,S,C,,,0,1,0,0
739037,,,,AM,AAMZ,Redcat Industries Wheelnut Indicator 21/38mm Yellow  WS21YEXT,EACH,REDCAT,166,166,S,A,,,0,166,0,0
739038,,,,AM,AAMZ,Redcat Industries Wheel Nut Indicator Extended 65x25mm Yellow  WS22YEXT65,EACH,REDCAT,0,0,S,C,,,0,0,0,0
739039,,,,AM,AASZ,Redcat Industries Wheel Nut Indicator 21/20.5mm Yellow WS21Y,EACH,REDCAT,0,0,S,C,,,0,0,0,0
739040,,,,AM,AAMZ,Redcat 19mm Yellow Extended 65mm Wheel Nut WS19YEXT65,EACH,REDCAT,56,56,S,A,,,0,56,0,0
739041,,,,AM,AAMZ,REDIND Redcat Industries Wheel Nut Indicator 19mm Imp 3/4 WS19Y,EACH,REDCAT,0,0,S,C,,,0,0,0,0
739042,,,,AM,AAMZ,REDIND Redcat Industries Wheel Nut Indicator 21mm Imp 13/16 WS21Y,EACH,REDCAT,0,0,S,C,,,0,0,0,0
739043,,,,AM,AAMZ,REDIND Redcat Industries Wheel Nut Indicator 32mm Imp 1 1/4 WS32Y,EACH,REDCAT,0,0,S,C,,,0,0,0,0
739044,,,,AM,AAMZ,REDIND Redcat Industries Wheel Nut Indicatr 33mm Imp 1 9/32 WS33Y,EACH,REDCAT,0,0,S,C,,,0,0,0,0
739045,,,,AM,AAMZ,REDIND Redcat Industries Wheel Nut Indicat 41mm Imp 1 19/32 WS41Y,EACH,REDCAT,0,0,S,C,,,0,0,0,0
739046,,,,AM,AA4M,REDIND 32mm wheel nut indicators Redcat Industries Red 1 Piece,EACH,REDCAT,0,0,S,C,,,0,0,0,0
739047,,,,AM,AA4M,REDIND 36m wheel nut indicators Redcat Industries Red 1 Piece,EACH,REDCAT,0,0,S,C,,,0,0,0,0
739048,,,,AM,AA4M,REDIND 24mm wheel nut indicators Redcat Industrie Green QTY 100,EACH,REDCAT,0,0,S,C,,,0,0,0,0
739063,,,,AM,AAMZ,Redcat Industries 21mm Yellow Extended 65mm,EACH,REDCAT,0,0,S,A,,,0,0,0,0
741008,,,,AM,AAAI,***NLA***Griffin Windshield / Dash Mount W AUX Cable iPhone 4/4S GC17104,EACH,POWDIS,0,0,S,O,,,0,0,0,0
741012,,,,AM,AADZ,Mantek Premalube NLGI N02 450gm Cartridge x 6 1 CTN,EACH,MANTEK,0,0,S,O,,,0,0,0,0
741014,,,,AM,AADZ,Queensland Diesel Spares Anti Freeze Anti Boil Castrol AFAB 20L 3334330,EACH,QUEDIE,0,0,S,O,,,0,0,0,0
741018,,,,AM,AMBZ,Reef Marine Lifebuoy SOLAS Approved 226000,EACH,REFMAR,0,0,S,O,,,0,0,0,0
741021,,,,AM,AMMZ,Reef Marine J Hooks Suits Lifebuoy 226012,EACH,REFMAR,0,0,S,O,,,0,0,0,0
741031,,,,AM,AAAI,Powermove Car Soloution Windowseat GC17116,EACH,POWDIS,0,0,S,O,,685387305728,0,0,0,0
741062,,,,AM,AAAT,Safeguard Trailer Net Mesh Universal 2.6 x 2m Black,EACH,SAFBUN,0,0,S,E,,,0,0,0,0
741063,,,,AM,AAAT,Safeguard Strap S Hook For Cargo Net Pack 2 SSH-100,EACH,SAFBUN,0,-10,S,E,,,10,-10,0,0
742000,,,,AM,AASZ,Dixon Hose 15m Steel Braided Rubber C/W A-Types Assembled CUSTOM,EACH,DIXON,0,0,S,O,,,0,0,0,0
742001,,,,AM,AASZ,Dixon Hose 15m Poly Reinforced PVC C/W A-Types Assembled CUSTOM,EACH,DIXON,0,0,S,O,,,0,0,0,0
742002,,,,AM,AASZ,Dixon Coupling 1/2 Inch A H/E 08/001/11/000,EACH,DIXON,0,0,S,O,,,0,0,0,0
742003,,,,AM,AASZ,Dixon Coupling H/E 3/4 Inch A-Type 08/001/08/000,EACH,DIXON,0,0,S,O,,,0,0,0,0
742004,,,,AM,AASZ,Dixon Coupling A Type 1 Inch Hose End 08/001/05/000,EACH,DIXON,0,0,S,O,,,0,0,0,0
742005,,,,AM,AASZ,Dixon Clamp Adj Claw Grvd 1/2 Inch 08/023/42/000,EACH,DIXON,0,0,S,O,,,0,0,0,0
742006,,,,AM,AASZ,Dixon Clamp Adj Claw 3/4 Inch 19mm 08/023/43/000,EACH,DIXON,0,0,S,O,,,0,0,0,0
742007,,,,AM,AASZ,Dixon Clamp 1 Inch Adj Claw ZP 08/023/46/000,EACH,DIXON,0,0,S,O,,,0,0,0,0
742008,,,,AM,AASZ,Dixon Coupling A Type 1 Inch BSP Female 08/001/04/000,EACH,DIXON,0,0,S,O,,,0,0,0,0
742009,,,,AM,AASZ,Dixon BSP Tread 25mmx25mm Boss Male Stem MS11A,EACH,DIXON,0,0,S,O,,,0,0,0,0
742011,,,,AM,AASZ,Dixon Seal Composite Bellows A TYPE ABS1032V,EACH,DIXON,0,0,S,O,,,0,0,0,0
742012,,,,AM,AASZ,Dixon Hose PVC Air/Water Delivery Yellow 25mm x 100M H01025100,EACH,DIXON,0,0,S,O,,,0,0,0,0
742013,,,,AM,AASZ,Dixon Hose Fras PVC Air/Water Delive Yellow 25mm x 100M H12025100,EACH,DIXON,0,0,S,O,,,0,0,0,0
742014,,,,AM,AASZ,Dixon Seal Inserter A-Type IT100AB,EACH,DIXON,0,0,S,O,,,0,0,0,0
742015,,,,AM,AASZ,Dixon Viton Seal Standard A-Type AWR4V,EACH,DIXON,0,0,S,O,,,0,0,0,0
742016,,,,AM,AASZ,"Dixon Hose End 1"" A-Type 25mm 08/001/15/000",EACH,DIXON,0,0,S,O,,,0,0,0,0
742017,,,,AM,AASZ,Dixon Quick Release Clamp Shouldered 8 Inch 08/048/19/006G,EACH,DIXON,0,0,S,O,,,0,0,0,0
742018,,,,AM,AASZ,Dixon A Type Hose Tail Stainless Steel AH255TS-N,EACH,DIXON,0,0,S,O,,,0,0,0,0
742019,,,,AM,AASZ,Dixon A Type Threaded Hose Tail AM25BSPSTS-B,EACH,DIXON,0,0,S,O,,,0,0,0,0
742020,,,,AM,AASZ,Dixon A Type Female Thread Hose Tail AF25BSPSTS-B,EACH,DIXON,0,0,S,O,,,0,0,0,0
742021,,,,AM,AASZ,Dixon A Type 3/4 BSP Male 08/001/06/000,EACH,DIXON,0,0,S,O,,,0,0,0,0
742022,,,,AM,AASZ,Dixon Round Flange 50mm FMG-FD-50,EACH,DIXON,0,0,S,O,,,0,0,0,0
745959,,,,AM,AASZ,Paramount Safety V9 RATCHET HARNESS HHHR-V9,EACH,PARAMOUNT,1,1,S,A,,,0,1,0,0
745960,,,,AM,AASZ,Paramount Safety 4 POINT CHNSTRAP PACK OF 5 HHHCS-4P,EACH,PARAMOUNT,0,0,S,A,,,0,0,0,0
745961,,,,AM,AASZ,Paramount Safety Product V9 Vented Hard Hat with Ratche HHV9R-Y,EACH,PARAMOUNT,0,0,S,A,,,0,0,0,0
745962,,,,AM,AASZ,Paramount Safety Product V9 Vented Hard Hat with Ratche HHV9R-B,EACH,PARAMOUNT,0,0,S,A,,,0,0,0,0
745963,,,,AM,AASZ,Paramount Safety Product V9 Vented Hard Hat with Ratche HHV9R-G,EACH,PARAMOUNT,0,0,S,A,,,0,0,0,0
765234,,,,AM,AASZ,Assa Abloy Yale YL1 Entrance KAX6 SC Lever Lock Satin Silver YL1/ENT/SC,EACH,ASSA,0,0,S,A,,,0,0,0,0
765235,,,,AM,AASZ,Assa Abloy Yale YL1 Passage Set Lever Set SC Satin Silver YL1/PASS/SC,EACH,ASSA,0,0,S,A,,,0,0,0,0
850000,,,,AM,AACC,Wipes Auto Wipes Tar & Bug Pk 25,PK,KHSURF,0,0,S,O,,9310869108375,0,0,0,0
850001,,,,AM,AACC,Wipes Auto Wipes Windscreen Pk 40,PK,KHSURF,0,0,S,O,,9310869108344,0,0,0,0
850002,,,,AM,AACC,Wipes Auto Wipes Grease & Grime Pk 25,PK,KHSURF,0,0,S,O,,9310869108382,0,0,0,0
8516779,,,,AM,AAMZ,SEA Sundstrom Sea Sundstrom Sr700 Replacement Hd Battery,EACH,SAFEQU,0,0,S,A,,,0,0,0,0
85461,,,,AM,AAAI,***NLA***Auto Electrical Cigarette Lighter Plug On & Off Switch 81010,EACH,AUTOELE,0,0,S,O,,,0,0,0,0
869682,,,,AM,AAMZ,Uniform Log Book Confined Space Entry Permits LB101,EACH,UNIFSAFE,0,0,S,A,,,0,0,0,0
88104,,,,AM,AALR,Gorilla Tie Down Rope 2 pack  GOR-TIEDOWN,PK,HARPAC,6,6,S,A,,,0,6,0,0
898058,,,,AM,AAAE,*NLA* Spill Super Large Burp Free Funnel 656,EACH,PERPET,0,0,S,O,,,0,0,0,0
898059,,,,AM,AAAE,*NLA* Spill Global Funnel Without Lid 482,EACH,PERPET,0,0,S,O,,,0,0,0,0
898060,,,,AM,AAAE,*NLA* Spill Global Funnel With Lid 499,EACH,PERPET,0,0,S,O,,,0,0,0,0
898847,,,,AM,AAMZ,Diplomat Blades Emergency Hammer A56,EACH,DIPLOMAT,16,16,S,A,,9312932001255,0,16,0,0
901942,,,,AM,AAMZ,RSEA Emergency Vehicle Hammer With Blade,EACH,RSEA,0,0,S,I,,9336179044974,0,0,0,0
903657,,,,AM,AAMZ,Tuffa Workwear Hexchex Wheel Nut 30-38mm 100 Pack,EACH,TUFFA,0,0,S,A,,,0,0,0,0
903658,,,,AM,AAMZ,Tuffa Workwear Hexchex Wheel Nut 23-30mm 100 Pack,EACH,TUFFA,0,0,S,A,,,0,0,0,0
90934,,,,AM,AALW,Honeywell Manhandler Winch 30M Winch MAN/WIN30MT,EACH,HONEYWELL,2,2,S,A,,612230085995,0,2,0,0
910011,,,,AM,AAAE,Mayo Hardware Tarpaulin Super Blue 6ftx8ft B710,EACH,MASTERLOCK,54,54,S,A,,43326707109,0,54,0,0
910012,,,,AM,AAAE,Mayo Hardware Tarpaulin Super Blue 8ftx10ft B720,EACH,MASTERLOCK,27,27,S,A,,43326707208,0,27,0,0
910013,,,,AM,AAAE,Mayo Hardware Tarpaulin Super Blue 10ftx12ft B732,EACH,MASTERLOCK,18,18,S,A,,43326707321,0,18,0,0
910032,,,,AM,AAAE,***NLA*** Mayo Hardware Tarpaulin Super Blue 5ftx7ft B57,EACH,MASTERLOCK,0,0,S,O,,043326707055,0,0,0,0
910033,,,,AM,AAAE,***NLA*** Mayo Hardware Tarpaulin Forest Green Industr Poly 9ftx12ft P730,EACH,MASTERLOCK,0,0,S,O,,43326167309,0,0,0,0
910034,,,,AM,AAAE,***NLA*** Mayo Hardware Tarpaulin Forest Green Industr Poly 10ftx18ft A771,EACH,MASTERLOCK,0,0,S,O,,043326167712,0,0,0,0
910035,,,,AM,AAAE,***NLA*** Mayo Hardware Tarpaulin Forest Green Industr Poly 12ftx14ft A740,EACH,MASTERLOCK,0,0,S,O,,043326167408,0,0,0,0
910036,,,,AM,AAAE,Mayo Hardware Tarpaulin Heavy Duty Poly Silver Black 8ftx10ft SB810,EACH,MASTERLOCK,72,72,S,A,,9316861161967,0,72,0,0
910037,,,,AM,AAAE,Mayo Hardware Tarpaulin Heavy Duty Poly Silver Black 10ftx12ft SB1012,EACH,MASTERLOCK,69,69,S,A,,9316861161981,0,69,0,0
910039,,,,AM,AAAE,***NLA*** Mayo Hardware Tarpaulin Forest Green Industr Poly 6ftx8ft P710,EACH,MASTERLOCK,0,0,S,O,,043326167101,0,0,0,0
910040,,,,AM,AAAE,***NLA*** Mayo Hardware Tarpaulin Forest Green Industr Poly 8ftx10ft P720,EACH,MASTERLOCK,0,0,S,O,,043326167200,0,0,0,0
910041,,,,AM,AAAE,***NLA*** Mayo Hardware Tarpaulin Forest Green Industr Poly 14ftx18ft A744,EACH,MASTERLOCK,0,0,S,O,,9316861161844,0,0,0,0
910043,,,,AM,AAAE,Mayo Hardware Tarpaulin Heavy Duty Poly Silver Black 12ftx20ft SB1220,EACH,MASTERLOCK,0,0,S,A,,9316861162025,0,0,0,0
910048,,,,AM,AAAE,Mayo Hardware Tarpaulin Heavy Duty Poly Silver Black 16ftx24ft SB1624,EACH,MASTERLOCK,1,1,S,A,,9316861162506,0,1,0,0
910049,,,,AM,AAAT,***NLA*** Master Lock Universal Trailer Coupling Lock 377DATAU,EACH,MASTERLOCK,0,0,S,O,,071649047954,0,0,0,0
910082,,,,AM,AAAE,***NLA*** Master Lock Tarpaulin Forest Green Industr Poly 9ftx12ft P730,EACH,MASTERLOCK,0,0,S,O,,43326167309,0,0,0,0
910083,,,,AM,AAAE,Master Lock Tarpaulin Heavy Duty Poly Silver Black 14ftx20ft SB1420,EACH,MASTERLOCK,0,0,S,A,,9316861162049,0,0,0,0
910084,,,,AM,AAAE,Master Lock Tarpaulin Heavy Duty Poly Silver Black 6ftx8ft SB68,EACH,MASTERLOCK,0,0,S,A,,9316861161943,0,0,0,0
910101,,,,AM,AAAE,Master Lock Tarpaulin Heavy Duty Poly Silver Black 16ftx20ft SB1620,EACH,MASTERLOCK,0,0,S,A,,9316861162063,0,0,0,0
910102,,,,AM,AAAE,***NLA*** Master Lock Heavy Duty Silver Black D Ring Tarp 5.4x6.0 SD1820,EACH,MASTERLOCK,0,0,S,O,,,0,0,0,0
910103,,,,AM,AAAE,Master Lock Tarpaulin Heavy Duty D Ring Silver/Black 20ftx30ft SD2030,EACH,MASTERLOCK,0,0,S,O,,9316861162582,0,0,0,0
910104,,,,AM,AAAE,***NLA*** Master Lock Tarpaulin Silver Black 10.8M x 12.2M LSCHSB3640,EACH,MASTERLOCK,0,0,S,O,,,0,0,0,0
922000,,,,AM,AALR,Bunnings Zenith Ratchet Tie Down 1.8T 10M 4310197,EACH,BUNNINGS,0,0,S,O,,,0,0,0,0
922001,,,,AM,AALR,Bunnings Zenith Ratchet Tie Down 0.8T 6M 4310195,EACH,BUNNINGS,0,0,S,O,,,0,0,0,0
922002,,,,AM,AAAE,Bunnings Tarp Polytuf Extra Heavy Duty 3.6 x 3m 3330002,EACH,BUNNINGS,0,0,S,O,,,0,0,0,0
922003,,,,AM,AAAE,Bunnings Tarp Polytuf Extra Heavy Duty 1.8 x 2.4M 3330009,EACH,BUNNINGS,0,0,S,O,,,0,0,0,0
922009,,,,AM,AAAE,Bunnings Foot Pump W'Gauge Sontax 6101046,EACH,BUNNINGS,0,0,S,O,,,0,0,0,0
922013,,,,AM,AAAC,Bunnings Jerry Can FUEL 20Litre Yellow D520,EACH,BUNNINGS,0,0,S,O,,,0,0,0,0
930000,,,,AM,AAAD,***NLA*** SUPERCEDED EDITION Melway Edition 33 STD33,EACH,KETTEN,0,0,S,O,,,0,0,0,0
930001,,,,AM,AAAE,***NLA*** Haigh Australia Animal Repeller Sonic - Black AR01,EACH,HAIGH,0,0,S,O,,9311902767887,0,0,0,0
930002,,,,AM,AAAE,***NLA*** Haigh Australia Animal Repeller Sonic - Chrome AR02,EACH,HAIGH,0,0,S,O,,9311902767894,0,0,0,0
930003,,,,AM,AAAE,Haigh Australia Anti Static Strap AS720,EACH,HAIGH,0,0,S,A,,9311902117200,0,0,0,0
930004,,,,AM,AAAE,***NLA*** Haigh Australia Emergency Tank Cap ETC1D,EACH,HAIGH,0,0,S,O,,9311902162262,0,0,0,0
930005,,,,AM,AAAI,***NLA*** Haigh Australia Clock Digital Jumbo JC001,EACH,HAIGH,0,0,S,O,,9311902700747,0,0,0,0
930006,,,,AM,AAAI,***NLA*** Haigh Australia Memo Pad Holder Suction Cup MP833,EACH,HAIGH,0,0,S,O,,9311902734940,0,0,0,0
930008,,,,AM,AAAE,***NLA*** Haigh Australia Funnel Plastic Set Of 3 2733,EACH,HAIGH,0,0,S,O,,9311902168622,0,0,0,0
930009,,,,AM,AAAE,***NLA*** Haigh Australia Funnel Flexy Plastic 4117,EACH,HAIGH,0,0,S,O,,9311902700068,0,0,0,0
930010,,,,AM,AAAE,***NLA*** Haigh Australia Steel Rego Holder Universal 5251,EACH,HAIGH,42,42,S,O,,9311902747100,0,42,0,0
930011,,,,AM,AAAA,***NLA*** Haigh Australia Rubber Trunk Tray Small 750x500mm 52702,EACH,HAIGH,0,0,S,O,,9320791096367,0,0,0,0
930012,,,,AM,AAAA,***NLA*** Haigh Australia Rubber Trunk Tray Large 900x600mm 52707,EACH,HAIGH,0,0,S,O,,9320791105014,0,0,0,0
930013,,,,AM,AAAE,***NLA*** Haigh Australia Label Holder Carded-Hinged Cargo Mate 6259C,EACH,HAIGH,33,33,S,O,,9311902182086,0,33,0,0
930014,,,,AM,AAAE,***NLA*** Haigh Australia Tow Rope Steel 805,EACH,HAIGH,0,0,S,O,,9311902106402,0,0,0,0
930015,,,,AM,AACA,***NLA*** Haigh Australia Window Washer Squeegee AA514,EACH,HAIGH,0,0,S,O,,9311902133927,0,0,0,0
930016,,,,AM,AASZ,***NLA*** Haigh Australia Bow Shackle 16mm 3.2T Cargo Mate BS16,EACH,HAIGH,0,0,S,O,,9311902774403,0,0,0,0
930017,,,,AM,AASZ,Haigh Australia D Shackle Cargo Mate 6mm Pair DS6,EACH,HAIGH,3,3,S,O,,9311902745601,0,3,0,0
930018,,,,AM,AASZ,Haigh Australia D Shackle Cargo Mate 8mm Pair DS8,EACH,HAIGH,1,1,S,O,,9311902745618,0,1,0,0
930019,,,,AM,AASZ,Haigh Australia D Shackle Cargo Mate 10mm Single DS10,EACH,HAIGH,1,1,S,O,,9311902745625,0,1,0,0
930020,,,,AM,AASZ,Haigh Australia D Shackle Cargo Mate 12mm Single DS12,EACH,HAIGH,7,7,S,O,,9311902777480,0,7,0,0
930021,,,,AM,AAEZ,Haigh Australia Lamp ADR Stop Tail & Flasher FL660B,EACH,HAIGH,4,4,S,O,,9311902713297,0,4,0,0
930022,,,,AM,AAAA,***NLA*** Haigh Australia Mats High Country Black Front Single FMHF01,EACH,HAIGH,0,0,S,O,,9311902767528,0,0,0,0
930023,,,,AM,AAAA,***NLA*** Haigh Australia Mats High Country Black Rear Single FMHR01,EACH,HAIGH,0,0,S,O,,9311902767535,0,0,0,0
930024,,,,AM,AAAE,***NLA*** Haigh Australia Hand Pump With Air Tank HP095,EACH,HAIGH,0,0,S,O,,9311902767245,0,0,0,0
930025,,,,AM,AAAE,***NLA*** Haigh Australia Jiggle Siphon Brass 13mm JSB1513,EACH,HAIGH,0,0,S,O,,9311902764848,0,0,0,0
930026,,,,AM,AAAE,***NLA*** Haigh Australia Jiggle Siphon Brass 19mm JSB219,EACH,HAIGH,0,0,S,O,,9311902764855,0,0,0,0
930027,,,,AM,AAAT,***NLA*** Haigh Australia Jockey Wheel W/Sw-Way 10 Pneumatic JW1000SW,EACH,HAIGH,0,0,S,O,,9311902774496,0,0,0,0
930028,,,,AM,AAAT,Haigh Australia Jockey Wheel With Clamp 300kg Load Rating JW600,EACH,HAIGH,0,0,S,O,,9311902738931,0,0,0,0
930029,,,,AM,AAAT,***NLA*** Haigh Australia Jockey Wheel With Swing Away Bracket JW600SW,EACH,HAIGH,0,0,S,O,,9311902774489,0,0,0,0
930030,,,,AM,AAAT,***NLA*** Haigh Australia Trailer Lock Trailercop 50mm LK50,EACH,HAIGH,0,0,S,O,,9416149000015,0,0,0,0
930031,,,,AM,AADZ,***NLA*** Haigh Australia Liquid Patch 1L Puncture Repair LP1,EACH,HAIGH,0,0,S,O,,9331888000020,0,0,0,0
930032,,,,AM,AADZ,***NLA*** Haigh Australia Liquid Patch 250ml Puncture Sealant LP250,EACH,HAIGH,0,0,S,O,,9331888000006,0,0,0,0
930033,,,,AM,AADZ,***NLA*** Haigh Australia Liquid Patch 500ml Puncture Repair LP500,EACH,HAIGH,0,0,S,O,,9331888000013,0,0,0,0
930034,,,,AM,AAAE,***NLA*** Haigh Australia Polytarp 5 x 7in Blue PTB0507,EACH,HAIGH,0,0,S,O,,9311902774212,0,0,0,0
930035,,,,AM,AAAE,***NLA*** Haigh Australia Polytarp 8 x 10in Blue PTB0810,EACH,HAIGH,0,0,S,O,,9311902774236,0,0,0,0
930036,,,,AM,AAAE,***NLA*** Haigh Australia Polytarp 6 x 8in Silver Heavy Duty PTS0608,EACH,HAIGH,0,0,S,O,,9311902774144,0,0,0,0
930037,,,,AM,AAAE,***NLA*** Haigh Australia Polytarp 8 x 10in Silver Heavy Duty PTS0810,EACH,HAIGH,0,0,S,O,,9311902774151,0,0,0,0
930038,,,,AM,AAAE,***NLA*** Haigh Australia Polytarp 10 x 12in Silver Heavy Duty PTS1012,EACH,HAIGH,0,0,S,O,,9311902774168,0,0,0,0
930039,,,,AM,AAAE,***NLA*** Haigh Australia Polytarp 12 x 18in Silver Heavy Duty PTS1218,EACH,HAIGH,0,0,S,O,,9311902774175,0,0,0,0
930040,,,,AM,AAAE,***NLA*** Haigh Australia Polytarp 18 x 24in Silver Heavy Duty PTS1824,EACH,HAIGH,1,1,S,O,,9311902774182,0,1,0,0
930041,,,,AM,AAAE,***NLA*** Haigh Australia Polytarp 24 x 30in Silver Heavy Duty PTS2430,EACH,HAIGH,0,0,S,O,,9311902774199,0,0,0,0
930042,,,,AM,AAAA,***NLA*** Haigh Australia Rubber Mat 510 x 360mm Black RCM2,EACH,HAIGH,0,0,S,O,,9311902130124,0,0,0,0
930043,,,,AM,AAEZ,***NLA*** Haigh Australia Reflector ADR Amber Carded Pk 2 REF2A,EACH,HAIGH,8,8,S,O,,9311902714003,0,8,0,0
930044,,,,AM,AAAT,***NLA*** Haigh Australia Trailer Net 6x4 TN8,EACH,HAIGH,1,1,S,O,,9311902128503,0,1,0,0
930045,,,,AM,AAAT,***NLA*** Haigh Australia Trailer Net 7x5 TN9,EACH,HAIGH,0,0,S,O,,9311902762905,0,0,0,0
930046,,,,AM,AAAM,***NLA*** Haigh Australia Mirror Blind Spot 360 Degree BSM360,EACH,HAIGH,0,0,S,O,,9311902741870,0,0,0,0
930047,,,,AM,AAAM,***NLA*** Haigh Australia Mirror Blind Spot 50mm BSM50,EACH,HAIGH,0,0,S,O,,9311902133347,0,0,0,0
930048,,,,AM,AAAM,***NLA*** Haigh Australia Mirror Blind Spot 75mm BSM75,EACH,HAIGH,0,0,S,O,,9311902133415,0,0,0,0
930049,,,,AM,AASZ,***NLA*** Haigh Australia 1/2 ? Lock Nuts 91221           VMS BOARDS,EACH,HAIGH,0,0,S,O,,,0,0,0,0
930050,,,,AM,AASZ,***NLA*** Haigh Australia Key Tool  for 1/2in Lock Nuts SD00385      VMS BOARDS,EACH,HAIGH,0,0,S,O,,,0,0,0,0
930051,,,,AM,AACF,***NLA*** Haigh Australia Luggage Straps Elastic Assorted 30 45 60 & 90cm OSAS8,EACH,HAIGH,0,0,S,O,,9311902128435,0,0,0,0
930052,,,,AM,AACF,***NLA*** Haigh Australia Air Freshener Twisted Whiskers Wow Man Carded AF06011,EACH,HAIGH,0,0,S,O,,9311902776797,0,0,0,0
930053,,,,AM,AACF,***NLA*** Haigh Australia Air Freshener Twisted Whiskers Blame Carded AF06031,EACH,HAIGH,0,0,S,O,,9311902776803,0,0,0,0
930054,,,,AM,AACF,***NLA*** Haigh Australia Air Freshener Twisted Whiskers Pick Me Carded AF06101,EACH,HAIGH,0,0,S,O,,9311902776827,0,0,0,0
930055,,,,AM,AACF,***NLA*** Haigh Australia Air Freshener Twisted Whiskers Choklate Carded AF06121,EACH,HAIGH,0,0,S,O,,9311902776834,0,0,0,0
930056,,,,AM,AACF,***NLA*** Haigh Australia Air Freshener Twisted Whiskers Weird Carded AF06131,EACH,HAIGH,0,0,S,O,,9311902776841,0,0,0,0
930057,,,,AM,AACF,***NLA*** Haigh Australia Air Freshener Twisted Whiskers Who Me Carded AF06141,EACH,HAIGH,0,0,S,O,,9311902776858,0,0,0,0
930058,,,,AM,AACF,***NLA*** Haigh Australia Air Freshener Twisted Whiskers Hanging Carded AF06171,EACH,HAIGH,0,0,S,O,,9311902776865,0,0,0,0
930059,,,,AM,AACF,***NLA*** Haigh Australia Air Freshener Twisted Whiskers Love Carded AF06201,EACH,HAIGH,0,0,S,O,,9311902776872,0,0,0,0
930060,,,,AM,AACF,***NLA*** Haigh Australia Air Freshener Twisted Whiskers Full Of Fun Carded AF06261,EACH,HAIGH,0,0,S,O,,9311902776889,0,0,0,0
930061,,,,AM,AACF,***NLA*** Haigh Australia Air Freshener Twisted Whiskers Angel Carded AF06311,EACH,HAIGH,0,0,S,O,,9311902776810,0,0,0,0
930062,,,,AM,AACF,***NLA*** Haigh Australia Air Freshener Twisted Whiskers Friends Carded AF06411,EACH,HAIGH,0,0,S,O,,9311902777039,0,0,0,0
930063,,,,AM,AACF,***NLA*** Haigh Australia Air Freshener Twisted Whiskers Losing It Carded AF06421,EACH,HAIGH,0,0,S,O,,9311902776896,0,0,0,0
930064,,,,AM,AAAI,***NLA*** Haigh Australia Drink Holder Door Mount DH670,EACH,HAIGH,1,1,S,O,,9311902703342,0,1,0,0
930065,,,,AM,AAAI,***NLA*** Haigh Australia Drink Holder Matrix Titanium YT9102T,EACH,HAIGH,0,0,S,O,,9311902770214,0,0,0,0
930066,,,,AM,AAAI,***NLA*** Haigh Australia Mobile Phone Holder Matrix Titanium MX9101T,EACH,HAIGH,0,0,S,O,,9311902770191,0,0,0,0
930067,,,,AM,AAAC,***NLA*** Haigh Australia Can Metal 5L DGR5,EACH,HAIGH,0,0,S,O,,9311902701270,0,0,0,0
930068,,,,AM,AAAC,***NLA*** Haigh Australia Fuel Can Plastic Red 5L PC5 FC05R,EACH,HAIGH,0,0,S,O,,9313138100049,0,0,0,0
930069,,,,AM,AAAC,***NLA*** Haigh Australia Fuel Can Plastic Red 10L PC10 FC10R,EACH,HAIGH,2,2,S,O,,9313138100056,0,2,0,0
930070,,,,AM,AAAC,***NLA*** Haigh Australia Fuel Can Plastic Red 20L PC20 FC20R,EACH,HAIGH,0,0,S,O,,9313138100063,0,0,0,0
930071,,,,AM,AAAC,***NLA*** Haigh Australia Water Container Plastic White 20L WC20,EACH,HAIGH,0,0,S,O,,9323658001746,0,0,0,0
930072,,,,AM,AAAD,Street Directory Vic Country Edition 6 STDV6,EACH,KETTEN,0,0,S,O,,,0,0,0,0
930073,,,,AM,AAAD,SUPERCEDED EDITION Melway Edition 34 STD34,EACH,KETTEN,1,1,S,O,,9780909439248,0,1,0,0
930074,,,,AM,AAAM,Haigh Australia Mirror Blind Spot Wide Angle Wedge WAM87,EACH,HAIGH,0,0,S,O,,9311902701263,0,0,0,0
930075,,,,AM,AAAM,***NLA*** Haigh Australia Mirror Fish Eye Lens WAL051,EACH,HAIGH,0,0,S,O,,9311902722442,0,0,0,0
930076,,,,AM,AAAI,***NLA*** Haigh Australia Socket Cigarette Lighter Dual Female DS520,EACH,HAIGH,0,0,S,O,,9311902726655,0,0,0,0
930077,,,,AM,AACF,Air Freshener Little Tree Carded Vanilla AFTV,EACH,KETTEN,981,980,S,A,,076171101051,0,980,0,1
930078,,,,AM,AACF,Air Freshener Little Tree Carded Strawberry AFTST,EACH,KETTEN,0,0,S,O,,076171103123,0,0,0,0
930079,,,,AM,AACF,Air Freshener Little Tree Carded Apple AFTA,EACH,KETTEN,0,0,S,O,,076171103161,0,0,0,0
930080,,,,AM,AACF,Air Freshener Little Tree Carded New Car AFTNC,EACH,KETTEN,0,0,S,O,,076171101891,0,0,0,0
930081,,,,AM,AACF,Air Freshener Kenco Leaf Carded Vanilla AFDV,EACH,KETTEN,0,0,S,O,,9311412400106,0,0,0,0
930082,,,,AM,AACF,Air Freshener Kenco Leaf Carded CK AFLC,EACH,KETTEN,0,0,S,O,,9311412400465,0,0,0,0
930083,,,,AM,AACF,Air Freshener Kenco Leaf Carded Drakkar AFDD,EACH,KETTEN,0,0,S,O,,9311412400496,0,0,0,0
930084,,,,AM,AACF,Air Freshener Kenco Leaf Carded Boss AFLB,EACH,KETTEN,0,0,S,O,,9311412400489,0,0,0,0
930085,,,,AM,AACF,Air Freshener Kenco Leaf Carded Eternity AFDE,EACH,KETTEN,0,0,S,O,,9311412400502,0,0,0,0
930086,,,,AM,AACF,Air Freshener Ambipur Voyage KTAPV,EACH,KETTEN,0,0,S,O,,9300636014824,0,0,0,0
930087,,,,AM,AACF,Air Freshener Ambipur Pacific Air KTAPP,EACH,KETTEN,0,0,S,O,,5000231043772,0,0,0,0
930088,,,,AM,AACF,Air Freshener Ambipur Aqua KTAPA,EACH,KETTEN,0,0,S,O,,5000231040597,0,0,0,0
930089,,,,AM,AACF,Air Freshener Little Tree Carded Lively Lemon AFT,EACH,KETTEN,0,0,S,O,,076171103130,0,0,0,0
930090,,,,AM,AAAT,Trailer Lead Adaptor Plug,EACH,HAIGH,0,0,S,O,,9311902768617,0,0,0,0
930091,,,,AM,AAAT,***NLA*** Trailer Adaptor 7 Pin Large Round Car 7 Pin Flat Socket VIC TAS SA TRA05,EACH,HAIGH,1,1,S,O,,9311902768655,0,1,0,0
930092,,,,AM,AAAT,***NLA*** Trailer Adaptor 7 Pin Flat Plug Car To 5 Pin Large Socket VIC TAS SA TRA04,EACH,HAIGH,1,1,S,O,,9311902768648,0,1,0,0
930093,,,,AM,AAAT,***NLA*** Trailer Plug 7 Pin Large Round VIC TAS SA TRP01,EACH,HAIGH,2,2,S,O,,9311902700778,0,2,0,0
930094,,,,AM,AAAT,***NLA*** Trailer Plug 7 Pin Flat ALL STATES TRP05,EACH,HAIGH,0,0,S,O,,9311902768518,0,0,0,0
930095,,,,AM,AAAT,***NLA*** Trailer Plug 5 Pin Large Round VIC TAS SA TRP08,EACH,HAIGH,0,0,S,O,,9311902700785,0,0,0,0
930096,,,,AM,AAAT,***NLA*** Car Socket 7 Pin Large Round VIC TAS SA TRS01,EACH,HAIGH,0,0,S,O,,9311902700792,0,0,0,0
930097,,,,AM,AAAT,***NLA*** Car Socket 7 Pin Flat ALL STATES TRS05,EACH,HAIGH,0,0,S,O,,9311902768570,0,0,0,0
930098,,,,AM,AAAT,***NLA*** Car Socket 5 Pin Large Round VIC TAS SA TRS08,EACH,HAIGH,0,0,S,O,,9311902700808,0,0,0,0
930099,,,,AM,AAAT,***NLA*** Trailer Adaptor 7 Pin Flat Plug Car To 7 Pin Flat Socket NSW QLD WA TRA02,EACH,HAIGH,0,0,S,O,,9311902768624,0,0,0,0
930100,,,,AM,AAAT,***NLA*** Trailer Adaptor 7 Pin Flat Plug Car To 6 Pin Socket NSW QLD WA TRA03,EACH,HAIGH,0,0,S,O,,9311902768631,0,0,0,0
930101,,,,AM,AAAT,***NLA*** Trailer Adaptor 7 Pin Large Plug Car To 7 Pin Socket NSW QLD WA TRA06,EACH,HAIGH,1,1,S,O,,9311902768662,0,1,0,0
930102,,,,AM,AAAT,***NLA*** Trailer Plug 7 Pin Round Small NSW QLD WA TRP02,EACH,HAIGH,0,0,S,O,,9311902768488,0,0,0,0
930103,,,,AM,AAAT,***NLA*** Trailer Plug 6 Pin Round Small NSW QLD WA TRP06,EACH,HAIGH,0,0,S,O,,9311902768525,0,0,0,0
930104,,,,AM,AAAT,***NLA*** Car Socket 7 Pin Round Small NSW QLD WA TRS02,EACH,HAIGH,0,0,S,O,,9311902768549,0,0,0,0
930105,,,,AM,AAAT,***NLA*** Car Socket 6 Pin Round NSW QLD WA TRS06,EACH,HAIGH,0,0,S,O,,9311902768587,0,0,0,0
930106,,,,AM,AAAD,SUPERCEDED EDITION Melway Edition 35 STD35,EACH,KETTEN,0,0,S,O,,9780909439286,0,0,0,0
930107,,,,AM,AACF,Air Freshener Little Tree Carded Lavender AFT,EACH,KETTEN,0,0,S,O,,076171103154,0,0,0,0
930108,,,,AM,AAAD,SUPERCEDED EDITION Melway Edition 36 STD36,EACH,KETTEN,0,0,S,O,,9780909439361,0,0,0,0
930109,,,,AM,AAAD,SUPERCEDED EDITION Melway Edition 37 STD37,EACH,KETTEN,0,0,S,O,,9780909439491,0,0,0,0
930110,,,,AM,AAAD,SUPERCEDED EDITION Melway Edition 38 STD38,EACH,KETTEN,0,0,S,O,,9780909439545,0,0,0,0
930111,,,,AM,AAAD,SUPERCEDED EDITION Melway Edition 39 STD39,EACH,KETTEN,4,4,S,O,,9780909439613,0,4,0,0
930112,,,,AM,AAAD,Street Directory 2013 Melway Edition 40 STD40,EACH,KETTEN,5,5,S,O,,9780909439668,0,5,0,0
930113,,,,AM,AAAD,Street Directory 2014 Melway Edition 41 STD41,EACH,KETTEN,1,1,S,O,,,0,1,0,0
930114,,,,AM,AAAD,Street Directory 2015 Melway Edition 42 STD42,EACH,KETTEN,0,0,S,O,,,0,0,0,0
930115,,,,AM,AAAD,Street Directory 2016 Melway Edition 43 STD43,EACH,KETTEN,0,0,S,O,,,0,0,0,0
930116,,,,AM,AAAD,Street Directory 2016 Melway Edition 44 STD44,EACH,KETTEN,0,0,S,A,,,0,0,0,0
930117,,,,AM,AAAD,Street Directory 2017 Edition 44,EACH,KETTEN,0,0,S,A,,,0,0,0,0
930500,,,,AM,AAAD,SUPERCEDED EDITION UBD Sydney & Blue Mountains 43rd 67926,EACH,UNIPUB,0,0,S,O,,9780731919628,0,0,0,0
930501,,,,AM,AAAD,SUPERCEDED EDITION UBD Brisbane Refidex 51st 68161,EACH,UNIPUB,2,2,S,O,,9780731919819,0,2,0,0
930502,,,,AM,AAAD,SUPERCEDED EDITION UBD Adelaide 45th 68332,EACH,UNIPUB,0,0,S,O,,9780731920495,0,0,0,0
930503,,,,AM,AAAD,SUPERCEDED EDITION UBD Perth 49th 67963,EACH,UNIPUB,0,0,S,O,,9780731919673,0,0,0,0
930504,,,,AM,AAAD,SUPERCEDED EDITION UBD Perth 50th Edition 68620,EACH,UNIPUB,0,0,S,O,,9780731921218,0,0,0,0
930505,,,,AM,AAAD,SUPERCEDED EDITION UBD Brisbane Refidex 52nd 68603,EACH,UNIPUB,2,2,S,O,,9780731921041,0,2,0,0
930506,,,,AM,AAAD,Street Directory Sydways Sydney STDS13,EACH,KETTEN,0,0,S,O,,,0,0,0,0
930507,,,,AM,AAAD,Street Directory Brisways Brisbane STDB3,EACH,KETTEN,0,0,S,O,,,0,0,0,0
930508,,,,AM,AAAD,SUPERCEDED EDITION UBD Sydney & Blue Mountains Edition 44th 68607,EACH,UNIPUB,0,0,S,O,,9780731921089,0,0,0,0
930509,,,,AM,AAAD,SUPERCEDED EDITION UBD Adelaide 46th 68617,EACH,UNIPUB,0,0,S,O,,9780731921188,0,0,0,0
930510,,,,AM,AAAD,SUPERCEDED EDITION UBD Wollongong & South Coast 19th Edition 68631,EACH,UNIPUB,0,0,S,O,,9780731921324,0,0,0,0
930511,,,,AM,AAAD,SUPERCEDED EDITION UBD Adelaide 47th 69483,EACH,UNIPUB,3,3,S,O,,9780731923366,0,3,0,0
930512,,,,AM,AAAD,SUPERCEDED EDITION UBD Perth 51st Edition 69662,EACH,UNIPUB,0,0,S,O,,9780731923762,0,0,0,0
930513,,,,AM,AAAD,SUPERCEDED EDITION UBD Sydney & Blue Mountains Edition 45th 69526,EACH,UNIPUB,0,0,S,O,,9780731923403,0,0,0,0
930514,,,,AM,AAAD,SUPERCEDED EDITION UBD Brisbane Green Refidex 53rd 70299,EACH,UNIPUB,0,0,S,O,,9780731925186,0,0,0,0
930515,,,,AM,AAAD,Street Directory UBD Brisbane Refidex 54th 70589,EACH,UNIPUB,0,0,S,O,,9780731925742,0,0,0,0
930516,,,,AM,AAAD,Street Directory UBD Adelaide 48th Edition 70540,EACH,UNIPUB,0,0,S,O,,9780731925667,0,0,0,0
930517,,,,AM,AAAD,Street Directory UBD Perth 52nd Edition 70538,EACH,UNIPUB,0,0,S,O,,9780731925674,0,0,0,0
930518,,,,AM,AAAD,Street Directory UBD Sydney 46th Edition 70180,EACH,UNIPUB,0,0,S,O,,9780731924523,0,0,0,0
930519,,,,AM,AAAD,Street Directory Vic Country Edition 7 STDV7,EACH,KETTEN,0,0,S,O,,,0,0,0,0
930520,,,,AM,AAAD,Street Directory UBD Adelaide 50th Edition,EACH,UNIPUB,0,0,S,O,,9180731927227,0,0,0,0
930521,,,,AM,AAAD,Street Directory Vic Country Edition 8 STDV8,EACH,KETTEN,0,0,S,O,,,0,0,0,0
930522,,,,AM,AAAD,Street Directory Vic Country Edition 9 STDV9,EACH,KETTEN,0,0,S,O,,,0,0,0,0
931035,,,,AM,AAMZ,Haigh Australia Jumper Lead 400amp w/ Spike Guard 3.0m SB400SG,EACH,HAIGH,4,4,S,A,,9311902750384,0,4,0,0
931036,,,,AM,AAMZ,***NLA*** Haigh Australia Jumper Lead 700amp w/ Spike Guard 3.0m SB700SG,EACH,HAIGH,2,2,S,O,,9311902769980,0,2,0,0
931037,,,,AM,AASZ,Haigh Australia Cargo Mate H/Duty Cargo Net 270x180 CGN02,EACH,HAIGH,3,3,S,A,,,0,3,0,0
931038,,,,AM,AASZ,Haigh Australia Cargo Mate H/Duty Cargo Net 180x150 CGN01,EACH,HAIGH,3,3,S,A,,,0,3,0,0
931039,,,,AM,AASZ,Haigh Australia Cargo Mate H/Duty Cargo Net 370x280 CGN03,EACH,HAIGH,0,0,S,A,,,0,0,0,0
931040,,,,AM,AAAE,***NLA*** Haigh Australia Tarp Extra Heavy Duty Poly 10x12 PTH1012,EACH,HAIGH,0,0,S,O,,,0,0,0,0
931041,,,,AM,AALR,***NLA*** Haigh Australia Ratchet Tie Down 4.5m CM6315,EACH,HAIGH,0,0,S,O,,,0,0,0,0
931042,,,,AM,AAAC,Haigh Australia Fuel Can Metal Red 20L FC20R,EACH,HAIGH,0,0,S,O,,,0,0,0,0
931043,,,,AM,AAAC,Haigh Australia Fuel Can Metal Yellow 20L FC20Y,EACH,HAIGH,0,0,S,O,,,0,0,0,0
931044,,,,AM,AAAC,Haigh Australia Fuel Can Metal Green 20L FC20G,EACH,HAIGH,0,0,S,O,,,0,0,0,0
931105,,,,AM,AAMZ,Barrier Group Trailer Stabilising Jack 45 Tonne,EACH,BARRIER,0,0,S,A,,,0,0,0,0
933054,,,,AM,AAAC,Pelican Products Spacecase Storage Container Yllw 783838 - 780mmx380x380,EACH,TRIMCAST,0,0,S,A,,,0,0,0,0
933056,,,,AM,AAAC,Trimcast Products General Range - Space Case Blue,EACH,TRIMCAST,0,0,S,A,,,0,0,0,0
933602,,,,AM,AMBZ,Sam Allen Wholesale Life Jacket PFD Auto Inflate W'Out Harness ISSA1501,EACH,SAMALLE,0,0,S,A,,,0,0,0,0
933605,,,,AM,AMBZ,Sam Allen Wholesale Lifebuoy Survey Orange 30inch 50122,EACH,SAMALLE,0,0,S,O,,,0,0,0,0
933608,,,,AM,AMBZ,"Sam Allen Wholesale Can-SB 24"" Magnum Lifebuoy Ring",EACH,SAMALLE,0,0,S,A,,,0,0,0,0
933609,,,,AM,AMBZ,Sam Allen Wholesale 50462 - Relaxn Inflatable Pfd Deluxe 50462,EACH,SAMALLE,0,0,S,A,,,0,0,0,0
933611,,,,AM,AMBZ,SAMALL Relaxn Delux Inflatable Jacket Auto Blue 150N - 10 Pack,EACH,SAMALLE,0,0,S,A,,,0,0,0,0
933615,,,,AM,AMBZ,Sam Allen Can-SB 30 inch 750mm Orange Lifebuoy 2.8Kg Foam Filled,EACH,SAMALLE,0,0,S,A,,,0,0,0,0
933616,,,,AM,AMBZ,Sam Allen Lifebuoy Round Foam Filled Solas Approved 750mm Od 2.5Kg,EACH,SAMALLE,0,0,S,A,,,0,0,0,0
933654,,,,AM,AAEZ,Auto Electrical Beacon Amber 3 Bolt 503000,EACH,AUTOELE,0,0,S,A,,,0,0,0,0
933655,,,,AM,AAEZ,Auto Electrical Beacon Plate Flat 148mm 905005,EACH,AUTOELE,0,0,S,A,,,0,0,0,0
933656,,,,AM,AAEZ,Auto Electrical Beacon Plate Right Angled Bracket 148mm 905001,EACH,AUTOELE,0,0,S,A,,,0,0,0,0
933657,,,,AM,AAEZ,Auto Electrical Beacon Plate Right Angled Bracket 178mm 905009,EACH,AUTOELE,0,0,S,A,,,0,0,0,0
933658,,,,AM,AAEZ,Auto Electrical Pole Mount 1335005,EACH,AUTOELE,0,0,S,A,,,0,0,0,0
933659,,,,AM,AAEZ,Auto Electrical Beacon 106002,EACH,AUTOELE,0,0,S,A,,,0,0,0,0
933660,,,,AM,AAEZ,Auto Electrical Cable 1334005,EACH,AUTOELE,0,0,S,A,,,0,0,0,0
934353,,,,AM,AASZ,Aussie Outback AOS MOSQUITO HEAD NET FULLY EN S1HEADNET1,EACH,AUSOUTBACK,0,0,S,A,,,0,0,0,0
934928,,,,AM,AALB,Beaver Hand Ratchet and Strap 75mm x 9M LC 5000kg (02070640) 349075,EACH,BEAVER,0,0,S,A,,,0,0,0,0
934929,,,,AM,AALR,Beaver Loadbinder Ratchet Grab 10mm LC 6000Kg - Truckers (02070990) 344010,EACH,BEAVER,0,0,S,A,,,0,0,0,0
934930,,,,AM,AALR,Beaver Grab Hook Clevis Transport G70 10mm (02071220) 354010,EACH,BEAVER,0,0,S,A,,,0,0,0,0
934931,,,,AM,AALB,Beaver Chain Transport Grade 70 GOLD 10mm LC 6000Kg (01180040) 145010,EACH,BEAVER,0,0,S,A,,,0,0,0,0
935151,,,,AM,AAMZ,Vehicle Safety Vehicle Safety Log Book,EACH,PROFOR,0,0,S,O,,,0,0,0,0
940200,,,,AM,AAAC,Trimcast Space Case Storage Container BG124028040BL Blue 1240Lx280W,EACH,RSEA,0,0,S,O,,,0,0,0,0
943017,,,,AM,AAEZ,Australian Safety Wholesalers Replacement LED Red MFRLR,EACH,AUSTSU,0,0,S,A,,,0,0,0,0
943495,,,,AM,AAMZ,Steelie Orbiter Phone Dash Mount Kit Black/Silver XNSTODK01R8,EACH,NITE,498,497,S,A,,94664044647,4,497,0,0
943499,,,,AM,AAMZ,Zen Imports Steelie FreeMount Windshield Kit XNSTFWK01R8,EACH,NITE,0,0,S,A,,,0,0,0,0
943529,,,,AM,AMEZ,Zen Imports LED Mini Glowstick Red XNMGS10R6,EACH,NITE,0,0,S,A,,,0,0,0,0
943530,,,,AM,AMEZ,Zen Imports LED Mini Glowstick Green XNMGS28R6,EACH,NITE,0,0,S,A,,,0,0,0,0
943531,,,,AM,AMEZ,Zen Imports LED Mini Glowstick Blue XNMGS03R6,EACH,NITE,0,0,S,A,,,0,0,0,0
943532,,,,AM,AMEZ,Zen Imports LED Mini Glowstick White XNMGS02R6,EACH,NITE,0,0,S,T,,,0,0,0,0
943547,,,,AM,AAMZ,Zen Imports Steelie Car Mount Kit XNSTCK11R8,EACH,NITE,0,0,S,A,,,0,0,0,0
943548,,,,AM,AAMZ,Zen Imports Steelie Vent Mount kit XNSTVK11R8,EACH,NITE,0,0,S,T,,,0,0,0,0
943549,,,,AM,AAMZ,Zen Imports Steelie Windshield Mount Kit XNSTWSK01R8,EACH,NITE,1,1,S,A,,,0,1,0,0
943582,,,,AM,AAMZ,Zen Imports Steelie Orbiter Magnetic Socket + Metal Plate XNSTO01R7,EACH,NITE,1,1,S,A,,,0,1,0,0
943583,,,,AM,AAMZ,Zen Imports Steelie Orbiter Vent Mount Kit XNSTOVK01R8,EACH,NITE,0,0,S,A,,,0,0,0,0
945165,,,,AM,AAMZ,Bronson Safety 33mm Vehicle Wheel Nut Indicator A5356 Pck 100 Yellow,EACH,BRONSON,0,0,S,A,,,0,0,0,0
999390,,,,AM,AALR,Paramount Safety Ratchet Tie Down 50mmx12m - 2.5T w Captive J-Hooks,EACH,PARAMOUNT,0,0,S,A,,,0,0,0,0
RN-200__,,,,AM,AAAT,Rack Net Safeguard,EACH,SAFBUN,0,0,Z,A,U,,0,0,0,0
RN-200__BLCK000L,,,,AM,AAAT,Rack Net Safeguard Black 2.6 x 1.6m Large,EACH,SAFBUN,0,0,S,A,U,,0,0,0,0
RN-200__BLCK000M,,,,AM,AAAT,Rack Net Safeguard Black 2.2 x 1.6m Medium,EACH,SAFBUN,0,0,S,A,U,,0,0,0,0
RN-200__BLCK000S,,,,AM,AAAT,Rack Net Safeguard Black 1.6 x 1.6m Small,EACH,SAFBUN,0,0,S,A,U,,0,0,0,0
RT-600__,,,,AM,AAAT,Rack Tarp Safeguard,EACH,SAFBUN,0,0,Z,A,U,,0,0,0,0
RT-600__BLCK000L,,,,AM,AAAT,Rack Tarp Safeguard Black 2.6 x 1.6m Large,EACH,SAFBUN,0,0,S,A,U,,0,0,0,0
RT-600__BLCK000M,,,,AM,AAAT,Rack Tarp Safeguard Black 2.2 x 1.6m Medium,EACH,SAFBUN,0,0,S,A,U,,0,0,0,0
RT-600__BLCK000S,,,,AM,AAAT,Rack Tarp Safeguard Black 1.6 x 1.6m Small,EACH,SAFBUN,0,0,S,A,U,,0,0,0,0
SN-200__,,,,AM,AAAT,Cargo Net Safeguard,EACH,SAFBUN,0,0,Z,A,U,,0,0,0,0
SN-200__BLCK000L,,,,AM,AAAT,Cargo Net Safeguard Black 3.0 x 2.6m Large,EACH,SAFBUN,2,2,S,A,U,,0,2,0,0
SN-200__BLCK000M,,,,AM,AAAT,Cargo Net Safeguard Black 2.6 x 2m Medium,EACH,SAFBUN,0,0,S,A,U,,0,0,0,0
SN-200__BLCK000S,,,,AM,AAAT,Cargo Net Safeguard Black 1.8 x 1.4m Small,EACH,SAFBUN,0,0,S,A,U,,0,0,0,0
SN-200__BLCK00XL,,,,AM,AAAT,Cargo Net Safeguard Black 3.6 x 3.0m XL,EACH,SAFBUN,1,1,S,A,U,,0,1,0,0
SN-200__BLCK02XL,,,,AM,AAAT,Cargo Net Safeguard Black 4.4 x 3.2m 2XL,EACH,SAFBUN,3,3,S,A,U,9351093000257,0,3,0,0
SN-200__BLCK03XL,,,,AM,AAAT,Cargo Net Safeguard Black 5.6 x 3.2m 3XL,EACH,SAFBUN,0,0,S,A,U,,0,0,0,0
SN-200__BLCKDC,,,,AM,AAAT,Cargo Net Safeguard Black 2.4 x 2.4m Dual Cab,EACH,SAFBUN,0,-2,S,A,U,,2,-2,0,0
T-600___,,,,AM,AAAT,Tarp Safeguard,EACH,SAFBUN,0,0,Z,A,U,,0,0,0,0
T-600___BLCK000L,,,,AM,AAAT,Tarp Safeguard Black 3.0 x 2.6m Large,EACH,SAFBUN,0,0,S,A,U,,0,0,0,0
T-600___BLCKDC,,,,AM,AAAT,Tarp Safeguard Black 2.4 x 2.4m Dual Cab,EACH,SAFBUN,0,0,S,A,U,,0,0,0,0
T-600___BLCKUNIV,,,,AM,AAAT,Tarp Safeguard Black 2.6 x 2.0m Universal,EACH,SAFBUN,0,0,S,A,U,,0,0,0,0
TEST_JM1,,,,AM,AA4K,a,EACH,,0,0,S,C,,,0,0,0,0
TN-200__,,,,AM,AAAT,Trade Net Safeguard,EACH,SAFBUN,0,0,Z,A,U,,0,0,0,0
TN-200__BLCK000L,,,,AM,AAAT,Trade Net Safeguard Black 2.4 x 0.9m Large,EACH,SAFBUN,0,0,S,A,U,,0,0,0,0
TN-200__BLCK000M,,,,AM,AAAT,Trade Net Safeguard Black 1.8 x 0.9m Medium,EACH,SAFBUN,0,0,S,A,U,,0,0,0,0
TN-200__BLCK000S,,,,AM,AAAT,Trade Net Safeguard Black 1.2 x 0.9m Small,EACH,SAFBUN,0,0,S,A,U,,0,0,0,0
TN-200__BLCK00XL,,,,AM,AAAT,Trade Net Safeguard Black 3.0 x 0.9m XL,EACH,SAFBUN,0,0,S,A,U,,0,0,0,0
TSET_JM2,,,,AM,AA4K,1,EACH,,0,0,X,,,ZZDELETED,0,0,0,0
ZZZZZZZZZZZZAA4K,,,,AM,AA4K,Special item code for groupAA4,,RSEA,0,0,Z,,,,0,0,0,0
ZZZZZZZZZZZZAA4M,,,,AM,AA4M,Special item code for groupAA4,,RSEA,0,0,Z,,,,0,0,0,0
ZZZZZZZZZZZZAA4S,,,,AM,AA4S,Special item code for groupAA4,EACH,,0,0,Z,,,,0,0,0,0
ZZZZZZZZZZZZAA4T,,,,AM,AA4T,Special item code for groupAA4,,RSEA,0,0,Z,,,,0,0,0,0
ZZZZZZZZZZZZAA4W,,,,AM,AA4W,Special item code for groupAA4,,RSEA,0,0,Z,,,,0,0,0,0
ZZZZZZZZZZZZAAAA,,,,AM,AAAA,Special item code for groupAAA,,RSEA,0,0,Z,,,,0,0,0,0
ZZZZZZZZZZZZAAAC,,,,AM,AAAC,Special item code for groupAAA,,RSEA,0,0,Z,,,,0,0,0,0
ZZZZZZZZZZZZAAAD,,,,AM,AAAD,Special item code for groupAAA,,RSEA,0,0,Z,,,,0,0,0,0
ZZZZZZZZZZZZAAAE,,,,AM,AAAE,Special item code for groupAAA,,RSEA,0,0,Z,,,,0,0,0,0
ZZZZZZZZZZZZAAAI,,,,AM,AAAI,Special item code for groupAAA,,RSEA,0,0,Z,,,,0,0,0,0
ZZZZZZZZZZZZAAAM,,,,AM,AAAM,Special item code for groupAAA,,RSEA,0,0,Z,,,,0,0,0,0
ZZZZZZZZZZZZAAAT,,,,AM,AAAT,Special item code for groupAAA,EACH,,0,0,Z,,,,0,0,0,0
ZZZZZZZZZZZZAMBZ,,,,AM,AMBZ,Special item code for groupAMB,,,0,0,Z,,,,0,0,0,0
